run,query_no,title,final_decision,acquired_file_path,source_path,destination_path,status
run_1_500,86,[PDF] Georgia Energy Report,review,/home/sm11926/Downloads/Tavily_ev automation/Taviliy_HTML_PDF 3/rerun_1000_20260321_111440/run_1_500/stage2_downloads/Georgia-Energy-Report-2022_1.pdf,/home/sm11926/Downloads/Tavily_ev automation/Taviliy_HTML_PDF 3/rerun_1000_20260321_111440/run_1_500/stage2_downloads/Georgia-Energy-Report-2022_1.pdf,/home/sm11926/Downloads/Tavily_ev automation/Taviliy_HTML_PDF 3/tavily_review_ready_documents_rerun_1000/run_1_500/Georgia-Energy-Report-2022_1.pdf,copied
run_1_500,149,3-1 Georgia Freight Plan 3. Georgia’s Freight Transportation Infrastructure,review,/home/sm11926/Downloads/Tavily_ev automation/Taviliy_HTML_PDF 3/rerun_1000_20260321_111440/run_1_500/stage2_downloads/Chapter3_Georgia_Freight_Transportation_Infrastructure.pdf,/home/sm11926/Downloads/Tavily_ev automation/Taviliy_HTML_PDF 3/rerun_1000_20260321_111440/run_1_500/stage2_downloads/Chapter3_Georgia_Freight_Transportation_Infrastructure.pdf,/home/sm11926/Downloads/Tavily_ev automation/Taviliy_HTML_PDF 3/tavily_review_ready_documents_rerun_1000/run_1_500/Chapter3_Georgia_Freight_Transportation_Infrastructure.pdf,copied
run_1_500,451,[PDF] Economic Development Agreement with Hyundai Motor Group,review,/home/sm11926/Downloads/Tavily_ev automation/Taviliy_HTML_PDF 3/rerun_1000_20260321_111440/run_1_500/stage2_downloads/hyundai_motor_group_economic_development_agreement_-_executive_summary.pdf,/home/sm11926/Downloads/Tavily_ev automation/Taviliy_HTML_PDF 3/rerun_1000_20260321_111440/run_1_500/stage2_downloads/hyundai_motor_group_economic_development_agreement_-_executive_summary.pdf,/home/sm11926/Downloads/Tavily_ev automation/Taviliy_HTML_PDF 3/tavily_review_ready_documents_rerun_1000/run_1_500/hyundai_motor_group_economic_development_agreement_-_executive_summary.pdf,copied
run_1_500,294,[PDF] 1 Summary - Georgia Department of Economic Development,review,/home/sm11926/Downloads/Tavily_ev automation/Taviliy_HTML_PDF 3/rerun_1000_20260321_111440/run_1_500/stage2_downloads/hyundai_motor_group_incentives_-_updated_executive_summary_09.08.23_final.pdf,/home/sm11926/Downloads/Tavily_ev automation/Taviliy_HTML_PDF 3/rerun_1000_20260321_111440/run_1_500/stage2_downloads/hyundai_motor_group_incentives_-_updated_executive_summary_09.08.23_final.pdf,/home/sm11926/Downloads/Tavily_ev automation/Taviliy_HTML_PDF 3/tavily_review_ready_documents_rerun_1000/run_1_500/hyundai_motor_group_incentives_-_updated_executive_summary_09.08.23_final.pdf,copied
run_1_500,376,[PDF] SUPERCHARGED: - Raphael Warnock,review,/home/sm11926/Downloads/Tavily_ev automation/Taviliy_HTML_PDF 3/rerun_1000_20260321_111440/run_1_500/stage2_downloads/Supercharged-IRA-Report.pdf,/home/sm11926/Downloads/Tavily_ev automation/Taviliy_HTML_PDF 3/rerun_1000_20260321_111440/run_1_500/stage2_downloads/Supercharged-IRA-Report.pdf,/home/sm11926/Downloads/Tavily_ev automation/Taviliy_HTML_PDF 3/tavily_review_ready_documents_rerun_1000/run_1_500/Supercharged-IRA-Report.pdf,copied
run_1_500,354,Georgia Business Assets a Powerful Magnet for Electric Vehicle Industry | Georgia.org,review,,,,missing_source
run_1_500,25,Georgia Electric Vehicle Manufacturing | Georgia Department of Economic Development,review,,,,missing_source
run_1_500,354,Georgia Emerges as Hub for Sustainability | Georgia.org,review,,,,missing_source
run_1_500,362,[PDF] FY 2012 Annual Progress Report for Energy Storage R&D,review,/home/sm11926/Downloads/Tavily_ev automation/Taviliy_HTML_PDF 3/rerun_1000_20260321_111440/run_1_500/stage2_downloads/2_arra.pdf,/home/sm11926/Downloads/Tavily_ev automation/Taviliy_HTML_PDF 3/rerun_1000_20260321_111440/run_1_500/stage2_downloads/2_arra.pdf,/home/sm11926/Downloads/Tavily_ev automation/Taviliy_HTML_PDF 3/tavily_review_ready_documents_rerun_1000/run_1_500/2_arra.pdf,copied
run_1_500,394,"EV Parts Supplier NVH Korea to Create Over 160 Jobs, Invest $72M in Henry County | Georgia.org",review,,,,missing_source
run_1_500,394,"EV Parts Supplier NVH Korea to Create Over 160 Jobs, Invest $72M in Henry County | Georgia.org",review,,,,missing_source
run_1_500,279,[PDF] Final Environmental Assessment - Department of Energy,review,,,,missing_source
run_1_500,158,"Aspen Aerogels, Inc. Reports First Quarter 2025 Financial Results ...",review,/home/sm11926/Downloads/Tavily_ev automation/Taviliy_HTML_PDF 3/rerun_1000_20260321_111440/run_1_500/stage2_downloads/exh_991_2.htm,/home/sm11926/Downloads/Tavily_ev automation/Taviliy_HTML_PDF 3/rerun_1000_20260321_111440/run_1_500/stage2_downloads/exh_991_2.htm,/home/sm11926/Downloads/Tavily_ev automation/Taviliy_HTML_PDF 3/tavily_review_ready_documents_rerun_1000/run_1_500/exh_991_2.htm,copied
run_1_500,114,"Bartow County, Georgia Fulfills Location & Logistical ...",review,,,,missing_source
run_1_500,158,EX-99.1,review,/home/sm11926/Downloads/Tavily_ev automation/Taviliy_HTML_PDF 3/rerun_1000_20260321_111440/run_1_500/stage2_downloads/nvx-ex99_1.htm,/home/sm11926/Downloads/Tavily_ev automation/Taviliy_HTML_PDF 3/rerun_1000_20260321_111440/run_1_500/stage2_downloads/nvx-ex99_1.htm,/home/sm11926/Downloads/Tavily_ev automation/Taviliy_HTML_PDF 3/tavily_review_ready_documents_rerun_1000/run_1_500/nvx-ex99_1.htm,copied
run_1_500,307,[PDF] REGIONAL FREIGHT TRANSPORTATION PLAN - Savannah MPC,review,/home/sm11926/Downloads/Tavily_ev automation/Taviliy_HTML_PDF 3/rerun_1000_20260321_111440/run_1_500/stage2_downloads/CORE%20RFTP_Land%20Use%20Analysis_Final_10302023.pdf,/home/sm11926/Downloads/Tavily_ev automation/Taviliy_HTML_PDF 3/rerun_1000_20260321_111440/run_1_500/stage2_downloads/CORE%20RFTP_Land%20Use%20Analysis_Final_10302023.pdf,/home/sm11926/Downloads/Tavily_ev automation/Taviliy_HTML_PDF 3/tavily_review_ready_documents_rerun_1000/run_1_500/CORE%20RFTP_Land%20Use%20Analysis_Final_10302023.pdf,copied
run_1_500,354,"Second Global Automotive Supplier for Hyundai Metaplant To Create 1,500 Jobs | Georgia.org",review,,,,missing_source
run_1_500,354,Hyundai Motor Group and SK On To Build EV Battery Facility in Bartow County | Georgia.org,review,,,,missing_source
run_1_500,194,"Second Global Automotive Supplier for Hyundai Metaplant To Create 1,500 Jobs | Georgia.org",review,,,,missing_source
run_1_500,451,[PDF] GEORGIA:,review,/home/sm11926/Downloads/Tavily_ev automation/Taviliy_HTML_PDF 3/rerun_1000_20260321_111440/run_1_500/stage2_downloads/Georgia-Battery-Ecosystem.pdf,/home/sm11926/Downloads/Tavily_ev automation/Taviliy_HTML_PDF 3/rerun_1000_20260321_111440/run_1_500/stage2_downloads/Georgia-Battery-Ecosystem.pdf,/home/sm11926/Downloads/Tavily_ev automation/Taviliy_HTML_PDF 3/tavily_review_ready_documents_rerun_1000/run_1_500/Georgia-Battery-Ecosystem.pdf,copied
run_1_500,438,EX-99.1,review,/home/sm11926/Downloads/Tavily_ev automation/Taviliy_HTML_PDF 3/rerun_1000_20260321_111440/run_1_500/stage2_downloads/nvx-ex99_1_3.htm,/home/sm11926/Downloads/Tavily_ev automation/Taviliy_HTML_PDF 3/rerun_1000_20260321_111440/run_1_500/stage2_downloads/nvx-ex99_1_3.htm,/home/sm11926/Downloads/Tavily_ev automation/Taviliy_HTML_PDF 3/tavily_review_ready_documents_rerun_1000/run_1_500/nvx-ex99_1_3.htm,copied
run_1_500,97,The South is building the most vibrant EV and battery hub in the US,review,/home/sm11926/Downloads/Tavily_ev automation/Taviliy_HTML_PDF 3/rerun_1000_20260321_111440/run_1_500/stage2_downloads/the-south-is-building-the-most-vibrant-ev-and-battery-hub-in-the-us.html,/home/sm11926/Downloads/Tavily_ev automation/Taviliy_HTML_PDF 3/rerun_1000_20260321_111440/run_1_500/stage2_downloads/the-south-is-building-the-most-vibrant-ev-and-battery-hub-in-the-us.html,/home/sm11926/Downloads/Tavily_ev automation/Taviliy_HTML_PDF 3/tavily_review_ready_documents_rerun_1000/run_1_500/the-south-is-building-the-most-vibrant-ev-and-battery-hub-in-the-us.html,copied
run_1_500,136,GTRI Works to Enhance EV Battery Reuse and Recycling in Georgia,review,/home/sm11926/Downloads/Tavily_ev automation/Taviliy_HTML_PDF 3/rerun_1000_20260321_111440/run_1_500/stage2_downloads/gtri-works-enhance-ev-battery-reuse-and-recycling-georgia.html,/home/sm11926/Downloads/Tavily_ev automation/Taviliy_HTML_PDF 3/rerun_1000_20260321_111440/run_1_500/stage2_downloads/gtri-works-enhance-ev-battery-reuse-and-recycling-georgia.html,/home/sm11926/Downloads/Tavily_ev automation/Taviliy_HTML_PDF 3/tavily_review_ready_documents_rerun_1000/run_1_500/gtri-works-enhance-ev-battery-reuse-and-recycling-georgia.html,copied
run_1_500,74,Longtime Kia and HMG Supplier to Build Manufacturing Facility in Bulloch County | Georgia.org,review,,,,missing_source
run_1_500,74,Longtime Kia and HMG Supplier to Build Manufacturing Facility in Bulloch County | Georgia.org,review,,,,missing_source
run_1_500,376,[PDF] Driving Growth in South Carolina's Battery and EV Supply Chains,review,/home/sm11926/Downloads/Tavily_ev automation/Taviliy_HTML_PDF 3/rerun_1000_20260321_111440/run_1_500/stage2_downloads/driving-growth-south-carolinas-battery-and-ev-supply-chain.pdf,/home/sm11926/Downloads/Tavily_ev automation/Taviliy_HTML_PDF 3/rerun_1000_20260321_111440/run_1_500/stage2_downloads/driving-growth-south-carolinas-battery-and-ev-supply-chain.pdf,/home/sm11926/Downloads/Tavily_ev automation/Taviliy_HTML_PDF 3/tavily_review_ready_documents_rerun_1000/run_1_500/driving-growth-south-carolinas-battery-and-ev-supply-chain.pdf,copied
run_1_500,394,First Hyundai Motor Group Supplier to Build Facility in Bulloch County | Georgia.org,review,,,,missing_source
run_1_500,394,First Hyundai Motor Group Supplier to Build Facility in Bulloch County | Georgia.org,review,,,,missing_source
run_1_500,214,[PDF] The Clean Energy Roadshow is produced by Event Energy Partners ...,review,/home/sm11926/Downloads/Tavily_ev automation/Taviliy_HTML_PDF 3/rerun_1000_20260321_111440/run_1_500/stage2_downloads/2025Roadshow-EV-Propane-CNG-H2.pdf,/home/sm11926/Downloads/Tavily_ev automation/Taviliy_HTML_PDF 3/rerun_1000_20260321_111440/run_1_500/stage2_downloads/2025Roadshow-EV-Propane-CNG-H2.pdf,/home/sm11926/Downloads/Tavily_ev automation/Taviliy_HTML_PDF 3/tavily_review_ready_documents_rerun_1000/run_1_500/2025Roadshow-EV-Propane-CNG-H2.pdf,copied
run_1_500,323,GEORGIA,review,,,,missing_source
run_1_500,482,Hyundai Motor Group Will Build Big EV Plant And Battery Facility In Georgia,review,,,,missing_source
run_1_500,449,"Logistics | Development Authority of Washington County, Georgia",review,/home/sm11926/Downloads/Tavily_ev automation/Taviliy_HTML_PDF 3/rerun_1000_20260321_111440/run_1_500/stage2_downloads/logistics.html,/home/sm11926/Downloads/Tavily_ev automation/Taviliy_HTML_PDF 3/rerun_1000_20260321_111440/run_1_500/stage2_downloads/logistics.html,/home/sm11926/Downloads/Tavily_ev automation/Taviliy_HTML_PDF 3/tavily_review_ready_documents_rerun_1000/run_1_500/logistics.html,copied
run_1_500,314,[PDF] COLLABORATION - Georgia Department of Economic Development,review,/home/sm11926/Downloads/Tavily_ev automation/Taviliy_HTML_PDF 3/rerun_1000_20260321_111440/run_1_500/stage2_downloads/fy23q2_board_book_-_23admin311.pdf,/home/sm11926/Downloads/Tavily_ev automation/Taviliy_HTML_PDF 3/rerun_1000_20260321_111440/run_1_500/stage2_downloads/fy23q2_board_book_-_23admin311.pdf,/home/sm11926/Downloads/Tavily_ev automation/Taviliy_HTML_PDF 3/tavily_review_ready_documents_rerun_1000/run_1_500/fy23q2_board_book_-_23admin311.pdf,copied
run_1_500,361,[PDF] Automotive Manufacturing - Amazon AWS,review,/home/sm11926/Downloads/Tavily_ev automation/Taviliy_HTML_PDF 3/rerun_1000_20260321_111440/run_1_500/stage2_downloads/Automotive_Industry_2024.pdf,/home/sm11926/Downloads/Tavily_ev automation/Taviliy_HTML_PDF 3/rerun_1000_20260321_111440/run_1_500/stage2_downloads/Automotive_Industry_2024.pdf,/home/sm11926/Downloads/Tavily_ev automation/Taviliy_HTML_PDF 3/tavily_review_ready_documents_rerun_1000/run_1_500/Automotive_Industry_2024.pdf,copied
run_1_500,149,Georgia: 3PL Logistics Sweet Spot,review,/home/sm11926/Downloads/Tavily_ev automation/Taviliy_HTML_PDF 3/rerun_1000_20260321_111440/run_1_500/stage2_downloads/georgia-3pl-logistics-sweet-spot.html,/home/sm11926/Downloads/Tavily_ev automation/Taviliy_HTML_PDF 3/rerun_1000_20260321_111440/run_1_500/stage2_downloads/georgia-3pl-logistics-sweet-spot.html,/home/sm11926/Downloads/Tavily_ev automation/Taviliy_HTML_PDF 3/tavily_review_ready_documents_rerun_1000/run_1_500/georgia-3pl-logistics-sweet-spot.html,copied
run_1_500,136,Georgia’s Battery-Powered Future - Georgia Trend Magazine,review,/home/sm11926/Downloads/Tavily_ev automation/Taviliy_HTML_PDF 3/rerun_1000_20260321_111440/run_1_500/stage2_downloads/Georgia’s_Battery-Powered_Future_-_Georgia_Trend_Magazine.html,/home/sm11926/Downloads/Tavily_ev automation/Taviliy_HTML_PDF 3/rerun_1000_20260321_111440/run_1_500/stage2_downloads/Georgia’s_Battery-Powered_Future_-_Georgia_Trend_Magazine.html,/home/sm11926/Downloads/Tavily_ev automation/Taviliy_HTML_PDF 3/tavily_review_ready_documents_rerun_1000/run_1_500/Georgia’s_Battery-Powered_Future_-_Georgia_Trend_Magazine.html,copied
run_1_500,491,"Hyundai, SK On plan $5B Georgia EV battery plant | Utility Dive",review,,,,missing_source
run_1_500,318,file: ea022002201ex99-1_freyr.htm,review,/home/sm11926/Downloads/Tavily_ev automation/Taviliy_HTML_PDF 3/rerun_1000_20260321_111440/run_1_500/stage2_downloads/ea022002201ex99-1_freyr.htm,/home/sm11926/Downloads/Tavily_ev automation/Taviliy_HTML_PDF 3/rerun_1000_20260321_111440/run_1_500/stage2_downloads/ea022002201ex99-1_freyr.htm,/home/sm11926/Downloads/Tavily_ev automation/Taviliy_HTML_PDF 3/tavily_review_ready_documents_rerun_1000/run_1_500/ea022002201ex99-1_freyr.htm,copied
run_1_500,154,Global Temperature-controlled Storage Leader Lineage Logistics to Build New Savannah Facility | Georgia.org,review,,,,missing_source
run_1_500,144,Anovion to build battery material plant in Georgia - electrive.com,review,/home/sm11926/Downloads/Tavily_ev automation/Taviliy_HTML_PDF 3/rerun_1000_20260321_111440/run_1_500/stage2_downloads/Anovion_to_build_battery_material_plant_in_Georgia_-_electrive.html,/home/sm11926/Downloads/Tavily_ev automation/Taviliy_HTML_PDF 3/rerun_1000_20260321_111440/run_1_500/stage2_downloads/Anovion_to_build_battery_material_plant_in_Georgia_-_electrive.html,/home/sm11926/Downloads/Tavily_ev automation/Taviliy_HTML_PDF 3/tavily_review_ready_documents_rerun_1000/run_1_500/Anovion_to_build_battery_material_plant_in_Georgia_-_electrive.html,copied
run_1_500,394,How the Georgia-Korea Connection Energizes Opportunities | Georgia.org,review,,,,missing_source
run_1_500,149,Georgia Ports Secures $120 Million in Federal Grants for Rail...,review,/home/sm11926/Downloads/Tavily_ev automation/Taviliy_HTML_PDF 3/rerun_1000_20260321_111440/run_1_500/stage2_downloads/Georgia_Ports_Secures_$120_Million_in_Federal_Grants_for_Rail...html,/home/sm11926/Downloads/Tavily_ev automation/Taviliy_HTML_PDF 3/rerun_1000_20260321_111440/run_1_500/stage2_downloads/Georgia_Ports_Secures_$120_Million_in_Federal_Grants_for_Rail...html,/home/sm11926/Downloads/Tavily_ev automation/Taviliy_HTML_PDF 3/tavily_review_ready_documents_rerun_1000/run_1_500/Georgia_Ports_Secures_$120_Million_in_Federal_Grants_for_Rail...html,copied
run_1_500,442,Hyundai & LG Plan $4.3 Billion Battery Plant in Savannah - Metro Atlanta CEO,review,/home/sm11926/Downloads/Tavily_ev automation/Taviliy_HTML_PDF 3/rerun_1000_20260321_111440/run_1_500/stage2_downloads/Hyundai_&_LG_Plan_$4.html,/home/sm11926/Downloads/Tavily_ev automation/Taviliy_HTML_PDF 3/rerun_1000_20260321_111440/run_1_500/stage2_downloads/Hyundai_&_LG_Plan_$4.html,/home/sm11926/Downloads/Tavily_ev automation/Taviliy_HTML_PDF 3/tavily_review_ready_documents_rerun_1000/run_1_500/Hyundai_&_LG_Plan_$4.html,copied
run_1_500,381,"The Rise of the ""Battery Belt"" in the Southeast United States: Georgia's Electric Vehicle Boom - Environment+Energy Leader",review,"/home/sm11926/Downloads/Tavily_ev automation/Taviliy_HTML_PDF 3/rerun_1000_20260321_111440/run_1_500/stage2_downloads/the-rise-of-the-battery-belt-in-the-southeast-united-states-georgias-electric-vehicle-boom,48331.html","/home/sm11926/Downloads/Tavily_ev automation/Taviliy_HTML_PDF 3/rerun_1000_20260321_111440/run_1_500/stage2_downloads/the-rise-of-the-battery-belt-in-the-southeast-united-states-georgias-electric-vehicle-boom,48331.html","/home/sm11926/Downloads/Tavily_ev automation/Taviliy_HTML_PDF 3/tavily_review_ready_documents_rerun_1000/run_1_500/the-rise-of-the-battery-belt-in-the-southeast-united-states-georgias-electric-vehicle-boom,48331.html",copied
run_1_500,226,The Rise of America's Battery Belt – Asia Matters for America,review,,,,missing_source
run_1_500,448,[PDF] 2050 Metropolitan Transportation Plan Volume 1,review,/home/sm11926/Downloads/Tavily_ev automation/Taviliy_HTML_PDF 3/rerun_1000_20260321_111440/run_1_500/stage2_downloads/volume-i-chapter-5-programming-strategies-and-policies.pdf,/home/sm11926/Downloads/Tavily_ev automation/Taviliy_HTML_PDF 3/rerun_1000_20260321_111440/run_1_500/stage2_downloads/volume-i-chapter-5-programming-strategies-and-policies.pdf,/home/sm11926/Downloads/Tavily_ev automation/Taviliy_HTML_PDF 3/tavily_review_ready_documents_rerun_1000/run_1_500/volume-i-chapter-5-programming-strategies-and-policies.pdf,copied
run_1_500,58,Hydrometallurgical recycling technologies for NMC Li-ion battery cathodes: current industrial practice and new R&D trends - RSC Sustainability (RSC Publishing) DOI:10.1039/D3SU00142C,review,/home/sm11926/Downloads/Tavily_ev automation/Taviliy_HTML_PDF 3/rerun_1000_20260321_111440/run_1_500/stage2_downloads/d3su00142c.html,/home/sm11926/Downloads/Tavily_ev automation/Taviliy_HTML_PDF 3/rerun_1000_20260321_111440/run_1_500/stage2_downloads/d3su00142c.html,/home/sm11926/Downloads/Tavily_ev automation/Taviliy_HTML_PDF 3/tavily_review_ready_documents_rerun_1000/run_1_500/d3su00142c.html,copied
run_1_500,121,Top tier supplier signs on for Kia facility in West Point | Georgia.org,review,,,,missing_source
run_1_500,108,[PDF] fyiGA's Energy Cities At Work - Location Georgia,review,/home/sm11926/Downloads/Tavily_ev automation/Taviliy_HTML_PDF 3/rerun_1000_20260321_111440/run_1_500/stage2_downloads/2024-fyi-GA-Energy-Cities-at-Work.pdf,/home/sm11926/Downloads/Tavily_ev automation/Taviliy_HTML_PDF 3/rerun_1000_20260321_111440/run_1_500/stage2_downloads/2024-fyi-GA-Energy-Cities-at-Work.pdf,/home/sm11926/Downloads/Tavily_ev automation/Taviliy_HTML_PDF 3/tavily_review_ready_documents_rerun_1000/run_1_500/2024-fyi-GA-Energy-Cities-at-Work.pdf,copied
run_1_500,128,Georgia’s Extensive Logistics Network Speeds Goods to Market | Georgia.org,review,,,,missing_source
run_1_500,442,LG Energy Solution and Hyundai Motor Group to Establish Battery Cell Manufacturing Joint Venture in the U.S. – LG Energy Solution,review,,,,missing_source
run_1_500,490,Congressional Record,review,,,,missing_source
run_1_500,334,[PDF] Issue Brief: Federal Support for EV Jobs in Georgia,review,/home/sm11926/Downloads/Tavily_ev automation/Taviliy_HTML_PDF 3/rerun_1000_20260321_111440/run_1_500/stage2_downloads/Issue-Brief-EV-Jobs-in-Georgia.pdf,/home/sm11926/Downloads/Tavily_ev automation/Taviliy_HTML_PDF 3/rerun_1000_20260321_111440/run_1_500/stage2_downloads/Issue-Brief-EV-Jobs-in-Georgia.pdf,/home/sm11926/Downloads/Tavily_ev automation/Taviliy_HTML_PDF 3/tavily_review_ready_documents_rerun_1000/run_1_500/Issue-Brief-EV-Jobs-in-Georgia.pdf,copied
run_1_500,487,Hyundai Will Build First Fully-Dedicated EV Plant In Georgia - Automotive - Business Facilities Magazine,review,,,,missing_source
run_1_500,348,Hyundai to build $5.5 billion EV and battery plant in Georgia - The Atlanta Voice,review,,,,missing_source
run_1_500,442,Hyundai Motor Group | Georgia.org,review,,,,missing_source
run_1_500,63,Georgia Power requests PSC permission to build and own 3GW of new battery storage projects - Energy-Storage.News,review,/home/sm11926/Downloads/Tavily_ev automation/Taviliy_HTML_PDF 3/rerun_1000_20260321_111440/run_1_500/stage2_downloads/Georgia_Power_requests_PSC_permission_to_build_and_own_3GW_of_new_battery_storage_projects_-_Energy-Storage.html,/home/sm11926/Downloads/Tavily_ev automation/Taviliy_HTML_PDF 3/rerun_1000_20260321_111440/run_1_500/stage2_downloads/Georgia_Power_requests_PSC_permission_to_build_and_own_3GW_of_new_battery_storage_projects_-_Energy-Storage.html,/home/sm11926/Downloads/Tavily_ev automation/Taviliy_HTML_PDF 3/tavily_review_ready_documents_rerun_1000/run_1_500/Georgia_Power_requests_PSC_permission_to_build_and_own_3GW_of_new_battery_storage_projects_-_Energy-Storage.html,copied
run_1_500,354,Electric Mobility Innovation Alliance (EMIA): Supply Chain | Georgia Department of Economic Development,review,,,,missing_source
run_1_500,354,Electric Mobility Innovation Alliance (EMIA): Supply Chain | Georgia Department of Economic Development,review,,,,missing_source
run_1_500,334,[PDF] Clean Energy Investments Are Revitalizing Georgia Communities ...,review,,,,missing_source
run_1_500,443,[PDF] Georgia Department of Economic Development Board Meeting,review,,,,missing_source
run_1_500,326,Strategic EV Battery Partnerships: How Hyundai and LG Energy Solution's $4.3 Billion JV Positions Them for IRA-Driven Growth,review,/home/sm11926/Downloads/Tavily_ev automation/Taviliy_HTML_PDF 3/rerun_1000_20260321_111440/run_1_500/stage2_downloads/Strategic_EV_Battery_Partnerships_How_Hyundai_and_LG_Energy_Solution's_$4.html,/home/sm11926/Downloads/Tavily_ev automation/Taviliy_HTML_PDF 3/rerun_1000_20260321_111440/run_1_500/stage2_downloads/Strategic_EV_Battery_Partnerships_How_Hyundai_and_LG_Energy_Solution's_$4.html,/home/sm11926/Downloads/Tavily_ev automation/Taviliy_HTML_PDF 3/tavily_review_ready_documents_rerun_1000/run_1_500/Strategic_EV_Battery_Partnerships_How_Hyundai_and_LG_Energy_Solution's_$4.html,copied
run_1_500,34,[PDF] georgia-highlights_4th_edition_25th_anniversary_2021.pdf,review,,,,missing_source
run_1_500,82,Battery boom in the South: How states like Georgia are quietly building,review,,,,missing_source
run_1_500,198,"Presentation to Annual General Meeting held on April 17, 2024",review,/home/sm11926/Downloads/Tavily_ev automation/Taviliy_HTML_PDF 3/rerun_1000_20260321_111440/run_1_500/stage2_downloads/nvx-ex99_3.htm,/home/sm11926/Downloads/Tavily_ev automation/Taviliy_HTML_PDF 3/rerun_1000_20260321_111440/run_1_500/stage2_downloads/nvx-ex99_3.htm,/home/sm11926/Downloads/Tavily_ev automation/Taviliy_HTML_PDF 3/tavily_review_ready_documents_rerun_1000/run_1_500/nvx-ex99_3.htm,copied
run_1_500,178,[PDF] The Battery Report 2022 - Volta Foundation,review,,,,missing_source
run_1_500,88,[PDF] STATE OF Georgia's Supply Chain/ Logistics Technology Ecosystem,review,/home/sm11926/Downloads/Tavily_ev automation/Taviliy_HTML_PDF 3/rerun_1000_20260321_111440/run_1_500/stage2_downloads/2020-Georgia_s-Supply-Chain-Ecosystem-Report.pdf,/home/sm11926/Downloads/Tavily_ev automation/Taviliy_HTML_PDF 3/rerun_1000_20260321_111440/run_1_500/stage2_downloads/2020-Georgia_s-Supply-Chain-Ecosystem-Report.pdf,/home/sm11926/Downloads/Tavily_ev automation/Taviliy_HTML_PDF 3/tavily_review_ready_documents_rerun_1000/run_1_500/2020-Georgia_s-Supply-Chain-Ecosystem-Report.pdf,copied
run_1_500,147,"Lineage Logistics Expands Port-Centric Facility Footprint in Savannah, Georgia — Bay Grove",review,/home/sm11926/Downloads/Tavily_ev automation/Taviliy_HTML_PDF 3/rerun_1000_20260321_111440/run_1_500/stage2_downloads/lineage-logistics-expands-port-centric-facility-footprint-in-savannah-georgia.html,/home/sm11926/Downloads/Tavily_ev automation/Taviliy_HTML_PDF 3/rerun_1000_20260321_111440/run_1_500/stage2_downloads/lineage-logistics-expands-port-centric-facility-footprint-in-savannah-georgia.html,/home/sm11926/Downloads/Tavily_ev automation/Taviliy_HTML_PDF 3/tavily_review_ready_documents_rerun_1000/run_1_500/lineage-logistics-expands-port-centric-facility-footprint-in-savannah-georgia.html,copied
run_1_500,226,The Southeast US Battery Belt Is Learning To Love EVs - CleanTechnica,review,,,,missing_source
run_1_500,147,Hyundai Supplier PHA Will Bring 400+ Jobs To Georgia - Automotive - Business Facilities Magazine,review,,,,missing_source
run_1_500,58,"Yes, EV Battery Recycling Plants Are Ready in the U.S.",review,/home/sm11926/Downloads/Tavily_ev automation/Taviliy_HTML_PDF 3/rerun_1000_20260321_111440/run_1_500/stage2_downloads/ev-battery-recycling-in-us.html,/home/sm11926/Downloads/Tavily_ev automation/Taviliy_HTML_PDF 3/rerun_1000_20260321_111440/run_1_500/stage2_downloads/ev-battery-recycling-in-us.html,/home/sm11926/Downloads/Tavily_ev automation/Taviliy_HTML_PDF 3/tavily_review_ready_documents_rerun_1000/run_1_500/ev-battery-recycling-in-us.html,copied
run_1_500,407,LG Energy Solution and Honda Break Ground for New Joint Venture EV Battery Plant in Ohio | Honda Global Corporate Website,review,,,,missing_source
run_1_500,58,Lithium-ion battery recycling goes large - C&EN,review,/home/sm11926/Downloads/Tavily_ev automation/Taviliy_HTML_PDF 3/rerun_1000_20260321_111440/run_1_500/stage2_downloads/i38.html,/home/sm11926/Downloads/Tavily_ev automation/Taviliy_HTML_PDF 3/rerun_1000_20260321_111440/run_1_500/stage2_downloads/i38.html,/home/sm11926/Downloads/Tavily_ev automation/Taviliy_HTML_PDF 3/tavily_review_ready_documents_rerun_1000/run_1_500/i38.html,copied
run_1_500,374,Plugged-in: EV revolution fuels Battery Belt emergence from the Midwest to the South | Baker Tilly,review,,,,missing_source
run_1_500,478,"Press Release issued by FREYR Battery, Inc. on February ...",review,/home/sm11926/Downloads/Tavily_ev automation/Taviliy_HTML_PDF 3/rerun_1000_20260321_111440/run_1_500/stage2_downloads/ea023045002ex99-1_freyrbat.htm,/home/sm11926/Downloads/Tavily_ev automation/Taviliy_HTML_PDF 3/rerun_1000_20260321_111440/run_1_500/stage2_downloads/ea023045002ex99-1_freyrbat.htm,/home/sm11926/Downloads/Tavily_ev automation/Taviliy_HTML_PDF 3/tavily_review_ready_documents_rerun_1000/run_1_500/ea023045002ex99-1_freyrbat.htm,copied
run_1_500,442,"LG Energy, Hyundai to invest additional $2B in Georgia battery cell plant | Utility Dive",review,,,,missing_source
run_1_500,442,"Hyundai Group's First US Electric Vehicle And Battery Plant, A Closer Look",review,"/home/sm11926/Downloads/Tavily_ev automation/Taviliy_HTML_PDF 3/rerun_1000_20260321_111440/run_1_500/stage2_downloads/Hyundai_Group's_First_US_Electric_Vehicle_And_Battery_Plant,_A_Closer_Look.html","/home/sm11926/Downloads/Tavily_ev automation/Taviliy_HTML_PDF 3/rerun_1000_20260321_111440/run_1_500/stage2_downloads/Hyundai_Group's_First_US_Electric_Vehicle_And_Battery_Plant,_A_Closer_Look.html","/home/sm11926/Downloads/Tavily_ev automation/Taviliy_HTML_PDF 3/tavily_review_ready_documents_rerun_1000/run_1_500/Hyundai_Group's_First_US_Electric_Vehicle_And_Battery_Plant,_A_Closer_Look.html",copied
run_1_500,337,[PDF] MEMORANDUM - Treasury.gov,review,/home/sm11926/Downloads/Tavily_ev automation/Taviliy_HTML_PDF 3/rerun_1000_20260321_111440/run_1_500/stage2_downloads/8-16-23-Deputy-Secretary-of-the-Treasury-Inflation-Reduction-Act-One-Year-Anniversary-Interested-Parties-Memo.pdf,/home/sm11926/Downloads/Tavily_ev automation/Taviliy_HTML_PDF 3/rerun_1000_20260321_111440/run_1_500/stage2_downloads/8-16-23-Deputy-Secretary-of-the-Treasury-Inflation-Reduction-Act-One-Year-Anniversary-Interested-Parties-Memo.pdf,/home/sm11926/Downloads/Tavily_ev automation/Taviliy_HTML_PDF 3/tavily_review_ready_documents_rerun_1000/run_1_500/8-16-23-Deputy-Secretary-of-the-Treasury-Inflation-Reduction-Act-One-Year-Anniversary-Interested-Parties-Memo.pdf,copied
run_1_500,111,LPO Announces $1.45 Billion Loan Guarantee to Qcells to Finance a Solar Manufacturing Facility in Georgia | Department of Energy,review,/home/sm11926/Downloads/Tavily_ev automation/Taviliy_HTML_PDF 3/rerun_1000_20260321_111440/run_1_500/stage2_downloads/lpo-announces-145-billion-loan-guarantee-qcells-finance-solar-manufacturing-facility.html,/home/sm11926/Downloads/Tavily_ev automation/Taviliy_HTML_PDF 3/rerun_1000_20260321_111440/run_1_500/stage2_downloads/lpo-announces-145-billion-loan-guarantee-qcells-finance-solar-manufacturing-facility.html,/home/sm11926/Downloads/Tavily_ev automation/Taviliy_HTML_PDF 3/tavily_review_ready_documents_rerun_1000/run_1_500/lpo-announces-145-billion-loan-guarantee-qcells-finance-solar-manufacturing-facility.html,copied
run_1_500,111,LPO Announces $1.45 Billion Loan Guarantee to Qcells to Finance a Solar Manufacturing Facility in Georgia | Department of Energy,review,/home/sm11926/Downloads/Tavily_ev automation/Taviliy_HTML_PDF 3/rerun_1000_20260321_111440/run_1_500/stage2_downloads/lpo-announces-145-billion-loan-guarantee-qcells-finance-solar-manufacturing-facility_2.html,/home/sm11926/Downloads/Tavily_ev automation/Taviliy_HTML_PDF 3/rerun_1000_20260321_111440/run_1_500/stage2_downloads/lpo-announces-145-billion-loan-guarantee-qcells-finance-solar-manufacturing-facility_2.html,/home/sm11926/Downloads/Tavily_ev automation/Taviliy_HTML_PDF 3/tavily_review_ready_documents_rerun_1000/run_1_500/lpo-announces-145-billion-loan-guarantee-qcells-finance-solar-manufacturing-facility_2.html,copied
run_1_500,111,LPO Announces $1.45 Billion Loan Guarantee to Qcells to Finance a Solar Manufacturing Facility in Georgia | Department of Energy,review,/home/sm11926/Downloads/Tavily_ev automation/Taviliy_HTML_PDF 3/rerun_1000_20260321_111440/run_1_500/stage2_downloads/lpo-announces-145-billion-loan-guarantee-qcells-finance-solar-manufacturing-facility_3.html,/home/sm11926/Downloads/Tavily_ev automation/Taviliy_HTML_PDF 3/rerun_1000_20260321_111440/run_1_500/stage2_downloads/lpo-announces-145-billion-loan-guarantee-qcells-finance-solar-manufacturing-facility_3.html,/home/sm11926/Downloads/Tavily_ev automation/Taviliy_HTML_PDF 3/tavily_review_ready_documents_rerun_1000/run_1_500/lpo-announces-145-billion-loan-guarantee-qcells-finance-solar-manufacturing-facility_3.html,copied
run_1_500,428,Hyundai Motor Group Will Build Big EV Plant And Battery Facility In Georgia,review,/home/sm11926/Downloads/Tavily_ev automation/Taviliy_HTML_PDF 3/rerun_1000_20260321_111440/run_1_500/stage2_downloads/Hyundai_Motor_Group_Will_Build_Big_EV_Plant_And_Battery_Facility_In_Georgia.html,/home/sm11926/Downloads/Tavily_ev automation/Taviliy_HTML_PDF 3/rerun_1000_20260321_111440/run_1_500/stage2_downloads/Hyundai_Motor_Group_Will_Build_Big_EV_Plant_And_Battery_Facility_In_Georgia.html,/home/sm11926/Downloads/Tavily_ev automation/Taviliy_HTML_PDF 3/tavily_review_ready_documents_rerun_1000/run_1_500/Hyundai_Motor_Group_Will_Build_Big_EV_Plant_And_Battery_Facility_In_Georgia.html,copied
run_1_500,474,[PDF] 8 August 2022 US Army Corps of Engineers Savannah District ...,review,,,,missing_source
run_1_500,303,Georgia: Super Hub of the Southeast - Inbound Logistics,review,/home/sm11926/Downloads/Tavily_ev automation/Taviliy_HTML_PDF 3/rerun_1000_20260321_111440/run_1_500/stage2_downloads/Georgia_Super_Hub_of_the_Southeast_-_Inbound_Logistics.html,/home/sm11926/Downloads/Tavily_ev automation/Taviliy_HTML_PDF 3/rerun_1000_20260321_111440/run_1_500/stage2_downloads/Georgia_Super_Hub_of_the_Southeast_-_Inbound_Logistics.html,/home/sm11926/Downloads/Tavily_ev automation/Taviliy_HTML_PDF 3/tavily_review_ready_documents_rerun_1000/run_1_500/Georgia_Super_Hub_of_the_Southeast_-_Inbound_Logistics.html,copied
run_1_500,324,EV Parts Supplier NVH Korea To Establish Georgia Facility,review,,,,missing_source
run_1_500,178,"Yes, EV Battery Recycling Plants Are Ready in the U.S.",review,,,,missing_source
run_1_500,101,Hyundai Rotem's Strategic Localization in the U.S. Rail Market: A Blueprint for Supply Chain Resilience,review,/home/sm11926/Downloads/Tavily_ev automation/Taviliy_HTML_PDF 3/rerun_1000_20260321_111440/run_1_500/stage2_downloads/Hyundai_Rotem's_Strategic_Localization_in_the_U.S.html,/home/sm11926/Downloads/Tavily_ev automation/Taviliy_HTML_PDF 3/rerun_1000_20260321_111440/run_1_500/stage2_downloads/Hyundai_Rotem's_Strategic_Localization_in_the_U.S.html,/home/sm11926/Downloads/Tavily_ev automation/Taviliy_HTML_PDF 3/tavily_review_ready_documents_rerun_1000/run_1_500/Hyundai_Rotem's_Strategic_Localization_in_the_U.S.html,copied
run_1_500,130,"Kia to tap Savannah for Telluride components, Brunswick for export - Georgia Ports Authority",review,,,,missing_source
run_1_500,442,Tracking the EV battery factory construction boom across North America | TechCrunch,review,,,,missing_source
run_1_500,136,"Battery Resourcers to Open North America’s Largest Lithium-ion Battery Recycling Facility in Georgia, Create 150 Jobs | Georgia.org",review,,,,missing_source
run_1_500,3,Georgia is plugged in to electric transportation | Select Georgia,review,/home/sm11926/Downloads/Tavily_ev automation/Taviliy_HTML_PDF 3/rerun_1000_20260321_111440/run_1_500/stage2_downloads/Georgia_is_plugged_in_to_electric_transportation_Select_Georgia.html,/home/sm11926/Downloads/Tavily_ev automation/Taviliy_HTML_PDF 3/rerun_1000_20260321_111440/run_1_500/stage2_downloads/Georgia_is_plugged_in_to_electric_transportation_Select_Georgia.html,/home/sm11926/Downloads/Tavily_ev automation/Taviliy_HTML_PDF 3/tavily_review_ready_documents_rerun_1000/run_1_500/Georgia_is_plugged_in_to_electric_transportation_Select_Georgia.html,copied
run_1_500,25,EV Parts Supplier NVH Korea To Establish Georgia Facility,review,,,,missing_source
run_1_500,486,SK On and Hyundai Partner on Georgia EV Battery Plant | News | SK,review,,,,missing_source
run_1_500,67,[PDF] Automotive Manufacturing - Amazon AWS,review,/home/sm11926/Downloads/Tavily_ev automation/Taviliy_HTML_PDF 3/rerun_1000_20260321_111440/run_1_500/stage2_downloads/Automotive_Manufacturing_2026.pdf,/home/sm11926/Downloads/Tavily_ev automation/Taviliy_HTML_PDF 3/rerun_1000_20260321_111440/run_1_500/stage2_downloads/Automotive_Manufacturing_2026.pdf,/home/sm11926/Downloads/Tavily_ev automation/Taviliy_HTML_PDF 3/tavily_review_ready_documents_rerun_1000/run_1_500/Automotive_Manufacturing_2026.pdf,copied
run_1_500,500,Seoyon E-Hwa To Invest $76M In Georgia Manufacturing Facility - Automotive - Business Facilities Magazine,review,,,,missing_source
run_1_500,474,Georgia Companies Hit Key Milestones in Long-Term Partnerships | Georgia.org,review,,,,missing_source
run_1_500,487,"Troup County, Georgia | Business View Magazine",review,,,,missing_source
run_1_500,442,Hyundai Motor Group Metaplant America - Wikipedia,review,/home/sm11926/Downloads/Tavily_ev automation/Taviliy_HTML_PDF 3/rerun_1000_20260321_111440/run_1_500/stage2_downloads/Hyundai_Motor_Group_Metaplant_America.html,/home/sm11926/Downloads/Tavily_ev automation/Taviliy_HTML_PDF 3/rerun_1000_20260321_111440/run_1_500/stage2_downloads/Hyundai_Motor_Group_Metaplant_America.html,/home/sm11926/Downloads/Tavily_ev automation/Taviliy_HTML_PDF 3/tavily_review_ready_documents_rerun_1000/run_1_500/Hyundai_Motor_Group_Metaplant_America.html,copied
run_1_500,379,Plugged-in: EV revolution fuels Battery Belt emergence ...,review,/home/sm11926/Downloads/Tavily_ev automation/Taviliy_HTML_PDF 3/rerun_1000_20260321_111440/run_1_500/stage2_downloads/ev-revolution-fuels-battery-belt-emergence-midwest-south.html,/home/sm11926/Downloads/Tavily_ev automation/Taviliy_HTML_PDF 3/rerun_1000_20260321_111440/run_1_500/stage2_downloads/ev-revolution-fuels-battery-belt-emergence-midwest-south.html,/home/sm11926/Downloads/Tavily_ev automation/Taviliy_HTML_PDF 3/tavily_review_ready_documents_rerun_1000/run_1_500/ev-revolution-fuels-battery-belt-emergence-midwest-south.html,copied
run_1_500,139,Daechang Seat latest supplier to localise production with Hyundai in Georgia | Automotive Logistics,review,/home/sm11926/Downloads/Tavily_ev automation/Taviliy_HTML_PDF 3/rerun_1000_20260321_111440/run_1_500/stage2_downloads/215849.html,/home/sm11926/Downloads/Tavily_ev automation/Taviliy_HTML_PDF 3/rerun_1000_20260321_111440/run_1_500/stage2_downloads/215849.html,/home/sm11926/Downloads/Tavily_ev automation/Taviliy_HTML_PDF 3/tavily_review_ready_documents_rerun_1000/run_1_500/215849.html,copied
run_1_500,149,"Savannah, Brunswick Georgia Ports Set for a $4.5B Revamp",review,/home/sm11926/Downloads/Tavily_ev automation/Taviliy_HTML_PDF 3/rerun_1000_20260321_111440/run_1_500/stage2_downloads/savannah-brunswick-ports-set-for-a-4.html,/home/sm11926/Downloads/Tavily_ev automation/Taviliy_HTML_PDF 3/rerun_1000_20260321_111440/run_1_500/stage2_downloads/savannah-brunswick-ports-set-for-a-4.html,/home/sm11926/Downloads/Tavily_ev automation/Taviliy_HTML_PDF 3/tavily_review_ready_documents_rerun_1000/run_1_500/savannah-brunswick-ports-set-for-a-4.html,copied
run_1_500,159,Georgia: Super Hub of the Southeast - Inbound Logistics,review,/home/sm11926/Downloads/Tavily_ev automation/Taviliy_HTML_PDF 3/rerun_1000_20260321_111440/run_1_500/stage2_downloads/Georgia_Super_Hub_of_the_Southeast_-_Inbound_Logistics_2.html,/home/sm11926/Downloads/Tavily_ev automation/Taviliy_HTML_PDF 3/rerun_1000_20260321_111440/run_1_500/stage2_downloads/Georgia_Super_Hub_of_the_Southeast_-_Inbound_Logistics_2.html,/home/sm11926/Downloads/Tavily_ev automation/Taviliy_HTML_PDF 3/tavily_review_ready_documents_rerun_1000/run_1_500/Georgia_Super_Hub_of_the_Southeast_-_Inbound_Logistics_2.html,copied
run_1_500,487,Hyundai and SK On plan $5B Georgia EV battery plant | Manufacturing Dive,review,,,,missing_source
run_1_500,487,Hyundai Mobis to build EV power system plant in Bryan County Georgia,review,,,,missing_source
run_1_500,144,"Brunswick EV battery plant delayed, but still on track",review,"/home/sm11926/Downloads/Tavily_ev automation/Taviliy_HTML_PDF 3/rerun_1000_20260321_111440/run_1_500/stage2_downloads/Brunswick_EV_battery_plant_delayed,_but_still_on_track.html","/home/sm11926/Downloads/Tavily_ev automation/Taviliy_HTML_PDF 3/rerun_1000_20260321_111440/run_1_500/stage2_downloads/Brunswick_EV_battery_plant_delayed,_but_still_on_track.html","/home/sm11926/Downloads/Tavily_ev automation/Taviliy_HTML_PDF 3/tavily_review_ready_documents_rerun_1000/run_1_500/Brunswick_EV_battery_plant_delayed,_but_still_on_track.html",copied
run_1_500,319,Georgia: The Gem of The Southeast - Inbound Logistics,review,/home/sm11926/Downloads/Tavily_ev automation/Taviliy_HTML_PDF 3/rerun_1000_20260321_111440/run_1_500/stage2_downloads/Georgia_The_Gem_of_The_Southeast_-_Inbound_Logistics.html,/home/sm11926/Downloads/Tavily_ev automation/Taviliy_HTML_PDF 3/rerun_1000_20260321_111440/run_1_500/stage2_downloads/Georgia_The_Gem_of_The_Southeast_-_Inbound_Logistics.html,/home/sm11926/Downloads/Tavily_ev automation/Taviliy_HTML_PDF 3/tavily_review_ready_documents_rerun_1000/run_1_500/Georgia_The_Gem_of_The_Southeast_-_Inbound_Logistics.html,copied
run_1_500,449,Georgia: The Logistics Advantage - Inbound Logistics,review,/home/sm11926/Downloads/Tavily_ev automation/Taviliy_HTML_PDF 3/rerun_1000_20260321_111440/run_1_500/stage2_downloads/Georgia_The_Logistics_Advantage_-_Inbound_Logistics.html,/home/sm11926/Downloads/Tavily_ev automation/Taviliy_HTML_PDF 3/rerun_1000_20260321_111440/run_1_500/stage2_downloads/Georgia_The_Logistics_Advantage_-_Inbound_Logistics.html,/home/sm11926/Downloads/Tavily_ev automation/Taviliy_HTML_PDF 3/tavily_review_ready_documents_rerun_1000/run_1_500/Georgia_The_Logistics_Advantage_-_Inbound_Logistics.html,copied
run_1_500,144,"Brunswick EV battery plant delayed, but still on track",review,"/home/sm11926/Downloads/Tavily_ev automation/Taviliy_HTML_PDF 3/rerun_1000_20260321_111440/run_1_500/stage2_downloads/Brunswick_EV_battery_plant_delayed,_but_still_on_track_2.html","/home/sm11926/Downloads/Tavily_ev automation/Taviliy_HTML_PDF 3/rerun_1000_20260321_111440/run_1_500/stage2_downloads/Brunswick_EV_battery_plant_delayed,_but_still_on_track_2.html","/home/sm11926/Downloads/Tavily_ev automation/Taviliy_HTML_PDF 3/tavily_review_ready_documents_rerun_1000/run_1_500/Brunswick_EV_battery_plant_delayed,_but_still_on_track_2.html",copied
run_1_500,500,Seoyon E-Hwa To Invest $76M In Georgia Manufacturing Facility - Automotive - Business Facilities Magazine,review,,,,missing_source
run_1_500,390,Hyundai’s Georgia EV supplier network adds 3 more manufacturers | Supply Chain Dive,review,,,,missing_source
run_1_500,160,Longtime Kia and HMG Supplier to Build Manufacturing Facility in Bulloch County – Savannah Harbor-Interstate 16 Corridor Joint Development Authority,review,/home/sm11926/Downloads/Tavily_ev automation/Taviliy_HTML_PDF 3/rerun_1000_20260321_111440/run_1_500/stage2_downloads/Longtime_Kia_and_HMG_Supplier_to_Build_Manufacturing_Facility_in_Bulloch_County_–_Savannah_Harbor-Interstate_16_Corridor_Joint_Development_Authority.html,/home/sm11926/Downloads/Tavily_ev automation/Taviliy_HTML_PDF 3/rerun_1000_20260321_111440/run_1_500/stage2_downloads/Longtime_Kia_and_HMG_Supplier_to_Build_Manufacturing_Facility_in_Bulloch_County_–_Savannah_Harbor-Interstate_16_Corridor_Joint_Development_Authority.html,/home/sm11926/Downloads/Tavily_ev automation/Taviliy_HTML_PDF 3/tavily_review_ready_documents_rerun_1000/run_1_500/Longtime_Kia_and_HMG_Supplier_to_Build_Manufacturing_Facility_in_Bulloch_County_–_Savannah_Harbor-Interstate_16_Corridor_Joint_Development_Authority.html,copied
run_1_500,128,| Georgia: Logistics Front and Center,review,/home/sm11926/Downloads/Tavily_ev automation/Taviliy_HTML_PDF 3/rerun_1000_20260321_111440/run_1_500/stage2_downloads/_Georgia_Logistics_Front_and_Center.html,/home/sm11926/Downloads/Tavily_ev automation/Taviliy_HTML_PDF 3/rerun_1000_20260321_111440/run_1_500/stage2_downloads/_Georgia_Logistics_Front_and_Center.html,/home/sm11926/Downloads/Tavily_ev automation/Taviliy_HTML_PDF 3/tavily_review_ready_documents_rerun_1000/run_1_500/_Georgia_Logistics_Front_and_Center.html,copied
run_1_500,124,"Hyundai, LG to Put $2B More Into Georgia Battery Joint Venture - Global Atlanta",review,,,,missing_source
run_1_500,497,US and Canada Electric Vehicle Supply Chain Map - Charged,review,,,,missing_source
run_1_500,130,Georgia Ports welcomes Wallenius Wilhelmsen’s new Brunswick hub facility - Georgia Ports Authority,review,,,,missing_source
run_1_500,147,"Lineage Logistics Expands Port-Centric Facility Footprint in Savannah, Georgia | Financial Post",review,/home/sm11926/Downloads/Tavily_ev automation/Taviliy_HTML_PDF 3/rerun_1000_20260321_111440/run_1_500/stage2_downloads/lineage-logistics-expands-port-centric-facility-footprint-in-savannah-georgia_2.html,/home/sm11926/Downloads/Tavily_ev automation/Taviliy_HTML_PDF 3/rerun_1000_20260321_111440/run_1_500/stage2_downloads/lineage-logistics-expands-port-centric-facility-footprint-in-savannah-georgia_2.html,/home/sm11926/Downloads/Tavily_ev automation/Taviliy_HTML_PDF 3/tavily_review_ready_documents_rerun_1000/run_1_500/lineage-logistics-expands-port-centric-facility-footprint-in-savannah-georgia_2.html,copied
run_1_500,146,"Port of Savannah | Savannah Infrastructure | Port, Interstate, Rail, Airport",review,,,,missing_source
run_1_500,122,Expanding Logistics: Georgia's Infrastrucure & Supply Chain - Georgia Trend Magazine,review,/home/sm11926/Downloads/Tavily_ev automation/Taviliy_HTML_PDF 3/rerun_1000_20260321_111440/run_1_500/stage2_downloads/Expanding_Logistics_Georgia's_Infrastrucure_&_Supply_Chain_-_Georgia_Trend_Magazine.html,/home/sm11926/Downloads/Tavily_ev automation/Taviliy_HTML_PDF 3/rerun_1000_20260321_111440/run_1_500/stage2_downloads/Expanding_Logistics_Georgia's_Infrastrucure_&_Supply_Chain_-_Georgia_Trend_Magazine.html,/home/sm11926/Downloads/Tavily_ev automation/Taviliy_HTML_PDF 3/tavily_review_ready_documents_rerun_1000/run_1_500/Expanding_Logistics_Georgia's_Infrastrucure_&_Supply_Chain_-_Georgia_Trend_Magazine.html,copied
run_1_500,122,Georgia: Logistics Focal Point - Inbound Logistics,review,/home/sm11926/Downloads/Tavily_ev automation/Taviliy_HTML_PDF 3/rerun_1000_20260321_111440/run_1_500/stage2_downloads/Georgia_Logistics_Focal_Point_-_Inbound_Logistics.html,/home/sm11926/Downloads/Tavily_ev automation/Taviliy_HTML_PDF 3/rerun_1000_20260321_111440/run_1_500/stage2_downloads/Georgia_Logistics_Focal_Point_-_Inbound_Logistics.html,/home/sm11926/Downloads/Tavily_ev automation/Taviliy_HTML_PDF 3/tavily_review_ready_documents_rerun_1000/run_1_500/Georgia_Logistics_Focal_Point_-_Inbound_Logistics.html,copied
run_1_500,144,"GPA approves projects to expand rail, gate capacity - Georgia Ports Authority",review,"/home/sm11926/Downloads/Tavily_ev automation/Taviliy_HTML_PDF 3/rerun_1000_20260321_111440/run_1_500/stage2_downloads/GPA_approves_projects_to_expand_rail,_gate_capacity_-_Georgia_Ports_Authority.html","/home/sm11926/Downloads/Tavily_ev automation/Taviliy_HTML_PDF 3/rerun_1000_20260321_111440/run_1_500/stage2_downloads/GPA_approves_projects_to_expand_rail,_gate_capacity_-_Georgia_Ports_Authority.html","/home/sm11926/Downloads/Tavily_ev automation/Taviliy_HTML_PDF 3/tavily_review_ready_documents_rerun_1000/run_1_500/GPA_approves_projects_to_expand_rail,_gate_capacity_-_Georgia_Ports_Authority.html",copied
run_1_500,487,Hyundai Mobis to build EV power system plant in Bryan County Georgia,review,,,,missing_source
run_1_500,390,Transmission: Some imports from major battery supplier of Ford EV F-150 banned - FreightWaves,review,/home/sm11926/Downloads/Tavily_ev automation/Taviliy_HTML_PDF 3/rerun_1000_20260321_111440/run_1_500/stage2_downloads/transmission-some-imports-from-major-battery-supplier-of-ford-ev-f-150-banned.html,/home/sm11926/Downloads/Tavily_ev automation/Taviliy_HTML_PDF 3/rerun_1000_20260321_111440/run_1_500/stage2_downloads/transmission-some-imports-from-major-battery-supplier-of-ford-ev-f-150-banned.html,/home/sm11926/Downloads/Tavily_ev automation/Taviliy_HTML_PDF 3/tavily_review_ready_documents_rerun_1000/run_1_500/transmission-some-imports-from-major-battery-supplier-of-ford-ev-f-150-banned.html,copied
run_1_500,380,"Transportation, Distribution & Logistics | Georgia Department of Economic Development",review,,,,missing_source
run_1_500,42,Third Hyundai supplier sets up factory near upcoming EV plant | Manufacturing Dive,review,,,,missing_source
run_1_500,154,Food Processing | Georgia Food Manufacturing Licenses & Permits,review,,,,missing_source
run_1_500,154,Food Processing | Georgia Food Manufacturing Licenses & Permits,review,,,,missing_source
run_1_500,495,Hyundai supplier to build factory near automaker’s Georgia EV campus | Manufacturing Dive,review,,,,missing_source
run_1_500,390,Hyundai’s Georgia EV supplier network adds 3 more manufacturers | Manufacturing Dive,review,,,,missing_source
run_1_500,380,Hyundai’s Georgia EV supplier network adds 3 more manufacturers | WardsAuto,review,,,,missing_source
run_501_1000,231,[PDF] Georgia Energy Report,review,/home/sm11926/Downloads/Tavily_ev automation/Taviliy_HTML_PDF 3/rerun_1000_20260321_111440/run_501_1000/stage2_downloads/Georgia-Energy-Report-2022_1.pdf,/home/sm11926/Downloads/Tavily_ev automation/Taviliy_HTML_PDF 3/rerun_1000_20260321_111440/run_501_1000/stage2_downloads/Georgia-Energy-Report-2022_1.pdf,/home/sm11926/Downloads/Tavily_ev automation/Taviliy_HTML_PDF 3/tavily_review_ready_documents_rerun_1000/run_501_1000/Georgia-Energy-Report-2022_1.pdf,copied
run_501_1000,274,Business Incentives,review,/home/sm11926/Downloads/Tavily_ev automation/Taviliy_HTML_PDF 3/rerun_1000_20260321_111440/run_501_1000/stage2_downloads/Georgia%20Business%20Incentives%20Brochure_201404101530397659.pdf,/home/sm11926/Downloads/Tavily_ev automation/Taviliy_HTML_PDF 3/rerun_1000_20260321_111440/run_501_1000/stage2_downloads/Georgia%20Business%20Incentives%20Brochure_201404101530397659.pdf,/home/sm11926/Downloads/Tavily_ev automation/Taviliy_HTML_PDF 3/tavily_review_ready_documents_rerun_1000/run_501_1000/Georgia%20Business%20Incentives%20Brochure_201404101530397659.pdf,copied
run_501_1000,348,[PDF] SUPERCHARGED: - Raphael Warnock,review,/home/sm11926/Downloads/Tavily_ev automation/Taviliy_HTML_PDF 3/rerun_1000_20260321_111440/run_501_1000/stage2_downloads/Supercharged-IRA-Report.pdf,/home/sm11926/Downloads/Tavily_ev automation/Taviliy_HTML_PDF 3/rerun_1000_20260321_111440/run_501_1000/stage2_downloads/Supercharged-IRA-Report.pdf,/home/sm11926/Downloads/Tavily_ev automation/Taviliy_HTML_PDF 3/tavily_review_ready_documents_rerun_1000/run_501_1000/Supercharged-IRA-Report.pdf,copied
run_501_1000,231,[PDF] SUPERCHARGED: - Raphael Warnock - Senate.gov,review,/home/sm11926/Downloads/Tavily_ev automation/Taviliy_HTML_PDF 3/rerun_1000_20260321_111440/run_501_1000/stage2_downloads/SRW-IRA-Report-Final.pdf,/home/sm11926/Downloads/Tavily_ev automation/Taviliy_HTML_PDF 3/rerun_1000_20260321_111440/run_501_1000/stage2_downloads/SRW-IRA-Report-Final.pdf,/home/sm11926/Downloads/Tavily_ev automation/Taviliy_HTML_PDF 3/tavily_review_ready_documents_rerun_1000/run_501_1000/SRW-IRA-Report-Final.pdf,copied
run_501_1000,174,"EV Parts Supplier NVH Korea to Create Over 160 Jobs, Invest $72M in Henry County | Georgia.org",review,,,,missing_source
run_501_1000,174,"EV Parts Supplier NVH Korea to Create Over 160 Jobs, Invest $72M in Henry County | Georgia.org",review,,,,missing_source
run_501_1000,348,[PDF] DOE BIL Battery FOA-2678 Selectee Fact Sheets,review,/home/sm11926/Downloads/Tavily_ev automation/Taviliy_HTML_PDF 3/rerun_1000_20260321_111440/run_501_1000/stage2_downloads/DOE%20BIL%20Battery%20FOA-2678%20Selectee%20Fact%20Sheets%20-%201_2.pdf,/home/sm11926/Downloads/Tavily_ev automation/Taviliy_HTML_PDF 3/rerun_1000_20260321_111440/run_501_1000/stage2_downloads/DOE%20BIL%20Battery%20FOA-2678%20Selectee%20Fact%20Sheets%20-%201_2.pdf,/home/sm11926/Downloads/Tavily_ev automation/Taviliy_HTML_PDF 3/tavily_review_ready_documents_rerun_1000/run_501_1000/DOE%20BIL%20Battery%20FOA-2678%20Selectee%20Fact%20Sheets%20-%201_2.pdf,copied
run_501_1000,157,Georgia Electric Vehicle Manufacturing | Georgia Department of Economic Development,review,,,,missing_source
run_501_1000,252,[PDF] Building a Robust and Resilient U.S. Lithium Battery Supply Chain,review,/home/sm11926/Downloads/Tavily_ev automation/Taviliy_HTML_PDF 3/rerun_1000_20260321_111440/run_501_1000/stage2_downloads/Li-Bridge%20-%20Building%20a%20Robust%20and%20Resilient%20U.S.%20Lithium%20Battery%20Supply%20Chain.pdf,/home/sm11926/Downloads/Tavily_ev automation/Taviliy_HTML_PDF 3/rerun_1000_20260321_111440/run_501_1000/stage2_downloads/Li-Bridge%20-%20Building%20a%20Robust%20and%20Resilient%20U.S.%20Lithium%20Battery%20Supply%20Chain.pdf,/home/sm11926/Downloads/Tavily_ev automation/Taviliy_HTML_PDF 3/tavily_review_ready_documents_rerun_1000/run_501_1000/Li-Bridge%20-%20Building%20a%20Robust%20and%20Resilient%20U.S.%20Lithium%20Battery%20Supply%20Chain.pdf,copied
run_501_1000,494,Georgia Emerges as Hub for Sustainability | Georgia.org,review,,,,missing_source
run_501_1000,348,[PDF] Bipartisan Infrastructure Law: Battery Materials Processing and ...,review,/home/sm11926/Downloads/Tavily_ev automation/Taviliy_HTML_PDF 3/rerun_1000_20260321_111440/run_501_1000/stage2_downloads/DOE%20BIL%20Battery%20FOA-2678%20Selectee%20Fact%20Sheets.pdf,/home/sm11926/Downloads/Tavily_ev automation/Taviliy_HTML_PDF 3/rerun_1000_20260321_111440/run_501_1000/stage2_downloads/DOE%20BIL%20Battery%20FOA-2678%20Selectee%20Fact%20Sheets.pdf,/home/sm11926/Downloads/Tavily_ev automation/Taviliy_HTML_PDF 3/tavily_review_ready_documents_rerun_1000/run_501_1000/DOE%20BIL%20Battery%20FOA-2678%20Selectee%20Fact%20Sheets.pdf,copied
run_501_1000,448,[PDF] Georgia Launches Electric Mobility and Innovation Alliance,review,/home/sm11926/Downloads/Tavily_ev automation/Taviliy_HTML_PDF 3/rerun_1000_20260321_111440/run_501_1000/stage2_downloads/MEAG-CURRENT-Newsletter-Summer-2021.FINAL_.pdf,/home/sm11926/Downloads/Tavily_ev automation/Taviliy_HTML_PDF 3/rerun_1000_20260321_111440/run_501_1000/stage2_downloads/MEAG-CURRENT-Newsletter-Summer-2021.FINAL_.pdf,/home/sm11926/Downloads/Tavily_ev automation/Taviliy_HTML_PDF 3/tavily_review_ready_documents_rerun_1000/run_501_1000/MEAG-CURRENT-Newsletter-Summer-2021.FINAL_.pdf,copied
run_501_1000,31,[PDF] Winning the Super Bowl of Economic Development,review,/home/sm11926/Downloads/Tavily_ev automation/Taviliy_HTML_PDF 3/rerun_1000_20260321_111440/run_501_1000/stage2_downloads/2026-02-report-Hyundai-Metaplant-America-Savannah.pdf,/home/sm11926/Downloads/Tavily_ev automation/Taviliy_HTML_PDF 3/rerun_1000_20260321_111440/run_501_1000/stage2_downloads/2026-02-report-Hyundai-Metaplant-America-Savannah.pdf,/home/sm11926/Downloads/Tavily_ev automation/Taviliy_HTML_PDF 3/tavily_review_ready_documents_rerun_1000/run_501_1000/2026-02-report-Hyundai-Metaplant-America-Savannah.pdf,copied
run_501_1000,447,Georgia Business Assets a Powerful Magnet for Electric Vehicle Industry | Georgia.org,review,,,,missing_source
run_501_1000,459,[PDF] Electric Transportation Ecosystem - AWS,review,/home/sm11926/Downloads/Tavily_ev automation/Taviliy_HTML_PDF 3/corpus_gnem_battery/Electric_Transportation_Publication_2025_DOC_013.pdf,,,missing_source
run_501_1000,349,(291) SECTION 4: U.S. SUPPLY CHAIN VULNERABILITIES AND RESILIENCE Abstract,review,/home/sm11926/Downloads/Tavily_ev automation/Taviliy_HTML_PDF 3/rerun_1000_20260321_111440/run_501_1000/stage2_downloads/Chapter_2_Section_4--U.S._Supply_Chain_Vulnerabilities_and_Resilience.pdf,/home/sm11926/Downloads/Tavily_ev automation/Taviliy_HTML_PDF 3/rerun_1000_20260321_111440/run_501_1000/stage2_downloads/Chapter_2_Section_4--U.S._Supply_Chain_Vulnerabilities_and_Resilience.pdf,/home/sm11926/Downloads/Tavily_ev automation/Taviliy_HTML_PDF 3/tavily_review_ready_documents_rerun_1000/run_501_1000/Chapter_2_Section_4--U.S._Supply_Chain_Vulnerabilities_and_Resilience.pdf,copied
run_501_1000,378,American Battery Technology Company,review,/home/sm11926/Downloads/Tavily_ev automation/Taviliy_HTML_PDF 3/rerun_1000_20260321_111440/run_501_1000/stage2_downloads/ex99-4.htm,/home/sm11926/Downloads/Tavily_ev automation/Taviliy_HTML_PDF 3/rerun_1000_20260321_111440/run_501_1000/stage2_downloads/ex99-4.htm,/home/sm11926/Downloads/Tavily_ev automation/Taviliy_HTML_PDF 3/tavily_review_ready_documents_rerun_1000/run_501_1000/ex99-4.htm,copied
run_501_1000,379,[PDF] Online NAATBatt Lithium-Ion Battery Supply Chain Database ...,review,/home/sm11926/Downloads/Tavily_ev automation/Taviliy_HTML_PDF 3/rerun_1000_20260321_111440/run_501_1000/stage2_downloads/NHTSA-2025-0490-0014_attachment_19.pdf,/home/sm11926/Downloads/Tavily_ev automation/Taviliy_HTML_PDF 3/rerun_1000_20260321_111440/run_501_1000/stage2_downloads/NHTSA-2025-0490-0014_attachment_19.pdf,/home/sm11926/Downloads/Tavily_ev automation/Taviliy_HTML_PDF 3/tavily_review_ready_documents_rerun_1000/run_501_1000/NHTSA-2025-0490-0014_attachment_19.pdf,copied
run_501_1000,294,[PDF] 2021 - Georgia Department of Economic Development,review,/home/sm11926/Downloads/Tavily_ev automation/Taviliy_HTML_PDF 3/rerun_1000_20260321_111440/run_501_1000/stage2_downloads/jan2021_business_incentives.pdf,/home/sm11926/Downloads/Tavily_ev automation/Taviliy_HTML_PDF 3/rerun_1000_20260321_111440/run_501_1000/stage2_downloads/jan2021_business_incentives.pdf,/home/sm11926/Downloads/Tavily_ev automation/Taviliy_HTML_PDF 3/tavily_review_ready_documents_rerun_1000/run_501_1000/jan2021_business_incentives.pdf,copied
run_501_1000,364,[PDF] Clean Energy Investing in America,review,/home/sm11926/Downloads/Tavily_ev automation/Taviliy_HTML_PDF 3/rerun_1000_20260321_111440/run_501_1000/stage2_downloads/ACP_InvestinginAmerica_Report_website.pdf,/home/sm11926/Downloads/Tavily_ev automation/Taviliy_HTML_PDF 3/rerun_1000_20260321_111440/run_501_1000/stage2_downloads/ACP_InvestinginAmerica_Report_website.pdf,/home/sm11926/Downloads/Tavily_ev automation/Taviliy_HTML_PDF 3/tavily_review_ready_documents_rerun_1000/run_501_1000/ACP_InvestinginAmerica_Report_website.pdf,copied
run_501_1000,494,"Second Global Automotive Supplier for Hyundai Metaplant To Create 1,500 Jobs | Georgia.org",review,,,,missing_source
run_501_1000,406,[PDF] Automotive Manufacturing - Amazon AWS,review,/home/sm11926/Downloads/Tavily_ev automation/Taviliy_HTML_PDF 3/rerun_1000_20260321_111440/run_501_1000/stage2_downloads/Automotive_Industry_2024.pdf,/home/sm11926/Downloads/Tavily_ev automation/Taviliy_HTML_PDF 3/rerun_1000_20260321_111440/run_501_1000/stage2_downloads/Automotive_Industry_2024.pdf,/home/sm11926/Downloads/Tavily_ev automation/Taviliy_HTML_PDF 3/tavily_review_ready_documents_rerun_1000/run_501_1000/Automotive_Industry_2024.pdf,copied
run_501_1000,338,EX-99.1,review,/home/sm11926/Downloads/Tavily_ev automation/Taviliy_HTML_PDF 3/rerun_1000_20260321_111440/run_501_1000/stage2_downloads/nvx-ex99_1_3.htm,/home/sm11926/Downloads/Tavily_ev automation/Taviliy_HTML_PDF 3/rerun_1000_20260321_111440/run_501_1000/stage2_downloads/nvx-ex99_1_3.htm,/home/sm11926/Downloads/Tavily_ev automation/Taviliy_HTML_PDF 3/tavily_review_ready_documents_rerun_1000/run_501_1000/nvx-ex99_1_3.htm,copied
run_501_1000,458,EX-99.1,review,/home/sm11926/Downloads/Tavily_ev automation/Taviliy_HTML_PDF 3/rerun_1000_20260321_111440/run_501_1000/stage2_downloads/nvx-ex99_1_2.htm,/home/sm11926/Downloads/Tavily_ev automation/Taviliy_HTML_PDF 3/rerun_1000_20260321_111440/run_501_1000/stage2_downloads/nvx-ex99_1_2.htm,/home/sm11926/Downloads/Tavily_ev automation/Taviliy_HTML_PDF 3/tavily_review_ready_documents_rerun_1000/run_501_1000/nvx-ex99_1_2.htm,copied
run_501_1000,397,[PDF] Automotive Manufacturing - Amazon AWS,review,/home/sm11926/Downloads/Tavily_ev automation/Taviliy_HTML_PDF 3/rerun_1000_20260321_111440/run_501_1000/stage2_downloads/Automotive_Manufacturing_2026.pdf,/home/sm11926/Downloads/Tavily_ev automation/Taviliy_HTML_PDF 3/rerun_1000_20260321_111440/run_501_1000/stage2_downloads/Automotive_Manufacturing_2026.pdf,/home/sm11926/Downloads/Tavily_ev automation/Taviliy_HTML_PDF 3/tavily_review_ready_documents_rerun_1000/run_501_1000/Automotive_Manufacturing_2026.pdf,copied
run_501_1000,400,[PDF] Environmental Assessment - National Energy Technology Laboratory,review,/home/sm11926/Downloads/Tavily_ev automation/Taviliy_HTML_PDF 3/rerun_1000_20260321_111440/run_501_1000/stage2_downloads/ProjectApex_Final_EA_for_DOE_Concurrence_and_NETLSignature5-17-24.pdf,/home/sm11926/Downloads/Tavily_ev automation/Taviliy_HTML_PDF 3/rerun_1000_20260321_111440/run_501_1000/stage2_downloads/ProjectApex_Final_EA_for_DOE_Concurrence_and_NETLSignature5-17-24.pdf,/home/sm11926/Downloads/Tavily_ev automation/Taviliy_HTML_PDF 3/tavily_review_ready_documents_rerun_1000/run_501_1000/ProjectApex_Final_EA_for_DOE_Concurrence_and_NETLSignature5-17-24.pdf,copied
run_501_1000,378,EX-99.1,review,/home/sm11926/Downloads/Tavily_ev automation/Taviliy_HTML_PDF 3/rerun_1000_20260321_111440/run_501_1000/stage2_downloads/nvx-ex99_1_4.htm,/home/sm11926/Downloads/Tavily_ev automation/Taviliy_HTML_PDF 3/rerun_1000_20260321_111440/run_501_1000/stage2_downloads/nvx-ex99_1_4.htm,/home/sm11926/Downloads/Tavily_ev automation/Taviliy_HTML_PDF 3/tavily_review_ready_documents_rerun_1000/run_501_1000/nvx-ex99_1_4.htm,copied
run_501_1000,192,"Appendix A, Glossary. Appendix AM, Ash M",review,/home/sm11926/Downloads/Tavily_ev automation/Taviliy_HTML_PDF 3/rerun_1000_20260321_111440/run_501_1000/stage2_downloads/0990005-051-av-draft-appendicies.pdf,/home/sm11926/Downloads/Tavily_ev automation/Taviliy_HTML_PDF 3/rerun_1000_20260321_111440/run_501_1000/stage2_downloads/0990005-051-av-draft-appendicies.pdf,/home/sm11926/Downloads/Tavily_ev automation/Taviliy_HTML_PDF 3/tavily_review_ready_documents_rerun_1000/run_501_1000/0990005-051-av-draft-appendicies.pdf,copied
run_501_1000,474,[PDF] Clean Energy Investing in America,review,/home/sm11926/Downloads/Tavily_ev automation/Taviliy_HTML_PDF 3/rerun_1000_20260321_111440/run_501_1000/stage2_downloads/gateway.pdf,/home/sm11926/Downloads/Tavily_ev automation/Taviliy_HTML_PDF 3/rerun_1000_20260321_111440/run_501_1000/stage2_downloads/gateway.pdf,/home/sm11926/Downloads/Tavily_ev automation/Taviliy_HTML_PDF 3/tavily_review_ready_documents_rerun_1000/run_501_1000/gateway.pdf,copied
run_501_1000,220,Gov. Kemp: Longtime Kia and HMG Supplier to Build Manufacturing Facility in Bulloch County | Governor Brian P. Kemp Office of the Governor,review,/home/sm11926/Downloads/Tavily_ev automation/Taviliy_HTML_PDF 3/rerun_1000_20260321_111440/run_501_1000/stage2_downloads/gov-kemp-longtime-kia-and-hmg-supplier-build-manufacturing-facility.html,/home/sm11926/Downloads/Tavily_ev automation/Taviliy_HTML_PDF 3/rerun_1000_20260321_111440/run_501_1000/stage2_downloads/gov-kemp-longtime-kia-and-hmg-supplier-build-manufacturing-facility.html,/home/sm11926/Downloads/Tavily_ev automation/Taviliy_HTML_PDF 3/tavily_review_ready_documents_rerun_1000/run_501_1000/gov-kemp-longtime-kia-and-hmg-supplier-build-manufacturing-facility.html,copied
run_501_1000,327,"Anovion Technologies to Create Over 400 Jobs in Bainbridge, Invest $800M in Manufacturing Facility | Georgia.org",review,,,,missing_source
run_501_1000,458,EX-99.1,review,/home/sm11926/Downloads/Tavily_ev automation/Taviliy_HTML_PDF 3/rerun_1000_20260321_111440/run_501_1000/stage2_downloads/nvx-ex99_1.htm,/home/sm11926/Downloads/Tavily_ev automation/Taviliy_HTML_PDF 3/rerun_1000_20260321_111440/run_501_1000/stage2_downloads/nvx-ex99_1.htm,/home/sm11926/Downloads/Tavily_ev automation/Taviliy_HTML_PDF 3/tavily_review_ready_documents_rerun_1000/run_501_1000/nvx-ex99_1.htm,copied
run_501_1000,447,Assessment of U.S. light-duty vehicle battery manufacturing ...,review,/home/sm11926/Downloads/Tavily_ev automation/Taviliy_HTML_PDF 3/rerun_1000_20260321_111440/run_501_1000/stage2_downloads/ID-255-%E2%80%93-Battery-jobs_working-paper_final_2.pdf,/home/sm11926/Downloads/Tavily_ev automation/Taviliy_HTML_PDF 3/rerun_1000_20260321_111440/run_501_1000/stage2_downloads/ID-255-%E2%80%93-Battery-jobs_working-paper_final_2.pdf,/home/sm11926/Downloads/Tavily_ev automation/Taviliy_HTML_PDF 3/tavily_review_ready_documents_rerun_1000/run_501_1000/ID-255-%E2%80%93-Battery-jobs_working-paper_final_2.pdf,copied
run_501_1000,178,"Aspen Aerogels, Inc. Reports First Quarter 2025 Financial Results ...",review,/home/sm11926/Downloads/Tavily_ev automation/Taviliy_HTML_PDF 3/rerun_1000_20260321_111440/run_501_1000/stage2_downloads/exh_991.htm,/home/sm11926/Downloads/Tavily_ev automation/Taviliy_HTML_PDF 3/rerun_1000_20260321_111440/run_501_1000/stage2_downloads/exh_991.htm,/home/sm11926/Downloads/Tavily_ev automation/Taviliy_HTML_PDF 3/tavily_review_ready_documents_rerun_1000/run_501_1000/exh_991.htm,copied
run_501_1000,232,FinancialContent - The New Industrial Powerhouse: How the Southeast is Defying National Headwinds in 2026,review,/home/sm11926/Downloads/Tavily_ev automation/Taviliy_HTML_PDF 3/rerun_1000_20260321_111440/run_501_1000/stage2_downloads/marketminute-2026-3-18-the-new-industrial-powerhouse-how-the-southeast-is-defying-national-headwinds-in-2026.html,/home/sm11926/Downloads/Tavily_ev automation/Taviliy_HTML_PDF 3/rerun_1000_20260321_111440/run_501_1000/stage2_downloads/marketminute-2026-3-18-the-new-industrial-powerhouse-how-the-southeast-is-defying-national-headwinds-in-2026.html,/home/sm11926/Downloads/Tavily_ev automation/Taviliy_HTML_PDF 3/tavily_review_ready_documents_rerun_1000/run_501_1000/marketminute-2026-3-18-the-new-industrial-powerhouse-how-the-southeast-is-defying-national-headwinds-in-2026.html,copied
run_501_1000,43,Longtime Kia and HMG Supplier to Build Manufacturing Facility in Bulloch County | Georgia.org,review,,,,missing_source
run_501_1000,411,Sector Spotlight: Solar PV Supply Chain | Department of Energy,review,/home/sm11926/Downloads/Tavily_ev automation/Taviliy_HTML_PDF 3/rerun_1000_20260321_111440/run_501_1000/stage2_downloads/sector-spotlight-solar-pv-supply-chain.html,/home/sm11926/Downloads/Tavily_ev automation/Taviliy_HTML_PDF 3/rerun_1000_20260321_111440/run_501_1000/stage2_downloads/sector-spotlight-solar-pv-supply-chain.html,/home/sm11926/Downloads/Tavily_ev automation/Taviliy_HTML_PDF 3/tavily_review_ready_documents_rerun_1000/run_501_1000/sector-spotlight-solar-pv-supply-chain.html,copied
run_501_1000,29,[PDF] A copy of each Transportation Security Administration (TSA) report ...,review,,,,missing_source
run_501_1000,19,Driving Growth in South Carolina's Battery and EV Supply ...,review,/home/sm11926/Downloads/Tavily_ev automation/Taviliy_HTML_PDF 3/rerun_1000_20260321_111440/run_501_1000/stage2_downloads/driving-growth-south-carolinas-battery-and-ev-supply-chain.pdf,/home/sm11926/Downloads/Tavily_ev automation/Taviliy_HTML_PDF 3/rerun_1000_20260321_111440/run_501_1000/stage2_downloads/driving-growth-south-carolinas-battery-and-ev-supply-chain.pdf,/home/sm11926/Downloads/Tavily_ev automation/Taviliy_HTML_PDF 3/tavily_review_ready_documents_rerun_1000/run_501_1000/driving-growth-south-carolinas-battery-and-ev-supply-chain.pdf,copied
run_501_1000,400,[PDF] fyiGA's Energy Cities At Work - Location Georgia,review,/home/sm11926/Downloads/Tavily_ev automation/Taviliy_HTML_PDF 3/rerun_1000_20260321_111440/run_501_1000/stage2_downloads/2020-fyi-GAs-Energy-Cities-at-Work.pdf,/home/sm11926/Downloads/Tavily_ev automation/Taviliy_HTML_PDF 3/rerun_1000_20260321_111440/run_501_1000/stage2_downloads/2020-fyi-GAs-Energy-Cities-at-Work.pdf,/home/sm11926/Downloads/Tavily_ev automation/Taviliy_HTML_PDF 3/tavily_review_ready_documents_rerun_1000/run_501_1000/2020-fyi-GAs-Energy-Cities-at-Work.pdf,copied
run_501_1000,284,[PDF] Recent Storage M&A Transactions and Investment News,review,/home/sm11926/Downloads/Tavily_ev automation/Taviliy_HTML_PDF 3/rerun_1000_20260321_111440/run_501_1000/stage2_downloads/Fractal-Energy-Storage-News-Jul-2025.pdf,/home/sm11926/Downloads/Tavily_ev automation/Taviliy_HTML_PDF 3/rerun_1000_20260321_111440/run_501_1000/stage2_downloads/Fractal-Energy-Storage-News-Jul-2025.pdf,/home/sm11926/Downloads/Tavily_ev automation/Taviliy_HTML_PDF 3/tavily_review_ready_documents_rerun_1000/run_501_1000/Fractal-Energy-Storage-News-Jul-2025.pdf,copied
run_501_1000,60,Longtime Kia and HMG Supplier to Build Manufacturing Facility in Bulloch County | Georgia.org,review,,,,missing_source
run_501_1000,178,"Aspen Aerogels, Inc. Reports Second Quarter 2024 Financial ...",review,/home/sm11926/Downloads/Tavily_ev automation/Taviliy_HTML_PDF 3/rerun_1000_20260321_111440/run_501_1000/stage2_downloads/exh_991_5.htm,/home/sm11926/Downloads/Tavily_ev automation/Taviliy_HTML_PDF 3/rerun_1000_20260321_111440/run_501_1000/stage2_downloads/exh_991_5.htm,/home/sm11926/Downloads/Tavily_ev automation/Taviliy_HTML_PDF 3/tavily_review_ready_documents_rerun_1000/run_501_1000/exh_991_5.htm,copied
run_501_1000,34,[PDF] House of Representatives - Congressional Record,review,/home/sm11926/Downloads/Tavily_ev automation/Taviliy_HTML_PDF 3/rerun_1000_20260321_111440/run_501_1000/stage2_downloads/CREC-2023-09-05.pdf,/home/sm11926/Downloads/Tavily_ev automation/Taviliy_HTML_PDF 3/rerun_1000_20260321_111440/run_501_1000/stage2_downloads/CREC-2023-09-05.pdf,/home/sm11926/Downloads/Tavily_ev automation/Taviliy_HTML_PDF 3/tavily_review_ready_documents_rerun_1000/run_501_1000/CREC-2023-09-05.pdf,copied
run_501_1000,348,[PDF] Assessment of U.S. light-duty vehicle battery manufacturing jobs by ...,review,/home/sm11926/Downloads/Tavily_ev automation/Taviliy_HTML_PDF 3/rerun_1000_20260321_111440/run_501_1000/stage2_downloads/ID-255-%E2%80%93-Battery-jobs_working-paper_final.pdf,/home/sm11926/Downloads/Tavily_ev automation/Taviliy_HTML_PDF 3/rerun_1000_20260321_111440/run_501_1000/stage2_downloads/ID-255-%E2%80%93-Battery-jobs_working-paper_final.pdf,/home/sm11926/Downloads/Tavily_ev automation/Taviliy_HTML_PDF 3/tavily_review_ready_documents_rerun_1000/run_501_1000/ID-255-%E2%80%93-Battery-jobs_working-paper_final.pdf,copied
run_501_1000,468,GLOBAL LITHION-ION BATTERY MANUFACTURER TO INVEST $2.57+ BILLION IN COWETA COUNTY - Coweta County Development Authority,review,/home/sm11926/Downloads/Tavily_ev automation/Taviliy_HTML_PDF 3/rerun_1000_20260321_111440/run_501_1000/stage2_downloads/GLOBAL_LITHION-ION_BATTERY_MANUFACTURER_TO_INVEST_$2.html,/home/sm11926/Downloads/Tavily_ev automation/Taviliy_HTML_PDF 3/rerun_1000_20260321_111440/run_501_1000/stage2_downloads/GLOBAL_LITHION-ION_BATTERY_MANUFACTURER_TO_INVEST_$2.html,/home/sm11926/Downloads/Tavily_ev automation/Taviliy_HTML_PDF 3/tavily_review_ready_documents_rerun_1000/run_501_1000/GLOBAL_LITHION-ION_BATTERY_MANUFACTURER_TO_INVEST_$2.html,copied
run_501_1000,58,[PDF] Adam Strege - SEC.gov,review,,,,missing_source
run_501_1000,405,Memorandum from Deputy Secretary Wally Adeyemo - Inflation ...,review,/home/sm11926/Downloads/Tavily_ev automation/Taviliy_HTML_PDF 3/rerun_1000_20260321_111440/run_501_1000/stage2_downloads/memorandum-from-deputy-secretary-wally-adeyemo-inflation-reduction-act-year-1.html,/home/sm11926/Downloads/Tavily_ev automation/Taviliy_HTML_PDF 3/rerun_1000_20260321_111440/run_501_1000/stage2_downloads/memorandum-from-deputy-secretary-wally-adeyemo-inflation-reduction-act-year-1.html,/home/sm11926/Downloads/Tavily_ev automation/Taviliy_HTML_PDF 3/tavily_review_ready_documents_rerun_1000/run_501_1000/memorandum-from-deputy-secretary-wally-adeyemo-inflation-reduction-act-year-1.html,copied
run_501_1000,114,[PDF] The Clean Energy Roadshow is produced by Event Energy Partners ...,review,/home/sm11926/Downloads/Tavily_ev automation/Taviliy_HTML_PDF 3/rerun_1000_20260321_111440/run_501_1000/stage2_downloads/2025Roadshow-EV-Propane-CNG-H2.pdf,/home/sm11926/Downloads/Tavily_ev automation/Taviliy_HTML_PDF 3/rerun_1000_20260321_111440/run_501_1000/stage2_downloads/2025Roadshow-EV-Propane-CNG-H2.pdf,/home/sm11926/Downloads/Tavily_ev automation/Taviliy_HTML_PDF 3/tavily_review_ready_documents_rerun_1000/run_501_1000/2025Roadshow-EV-Propane-CNG-H2.pdf,copied
run_501_1000,54,First Hyundai Motor Group Supplier to Build Facility in Bulloch County | Georgia.org,review,,,,missing_source
run_501_1000,54,First Hyundai Motor Group Supplier to Build Facility in Bulloch County | Georgia.org,review,,,,missing_source
run_501_1000,494,Georgia Leads the Charge in Development of Electric Vehicle Supply Chain | Georgia.org,review,,,,missing_source
run_501_1000,492,"DOE Seeks Public Input on Programs to Strengthen Domestic Battery Recycling, Create a More Sustainable Battery Supply Chain | netl.doe.gov",review,/home/sm11926/Downloads/Tavily_ev automation/Taviliy_HTML_PDF 3/rerun_1000_20260321_111440/run_501_1000/stage2_downloads/12021.html,/home/sm11926/Downloads/Tavily_ev automation/Taviliy_HTML_PDF 3/rerun_1000_20260321_111440/run_501_1000/stage2_downloads/12021.html,/home/sm11926/Downloads/Tavily_ev automation/Taviliy_HTML_PDF 3/tavily_review_ready_documents_rerun_1000/run_501_1000/12021.html,copied
run_501_1000,474,[PDF] EV battery supply chain analysis.pdf - Moana Minerals,review,/home/sm11926/Downloads/Tavily_ev automation/Taviliy_HTML_PDF 3/rerun_1000_20260321_111440/run_501_1000/stage2_downloads/EV%20battery%20supply%20chain%20analysis.pdf,/home/sm11926/Downloads/Tavily_ev automation/Taviliy_HTML_PDF 3/rerun_1000_20260321_111440/run_501_1000/stage2_downloads/EV%20battery%20supply%20chain%20analysis.pdf,/home/sm11926/Downloads/Tavily_ev automation/Taviliy_HTML_PDF 3/tavily_review_ready_documents_rerun_1000/run_501_1000/EV%20battery%20supply%20chain%20analysis.pdf,copied
run_501_1000,156,GTRI Works to Enhance EV Battery Reuse and Recycling in Georgia,review,/home/sm11926/Downloads/Tavily_ev automation/Taviliy_HTML_PDF 3/rerun_1000_20260321_111440/run_501_1000/stage2_downloads/gtri-works-enhance-ev-battery-reuse-and-recycling-georgia.html,/home/sm11926/Downloads/Tavily_ev automation/Taviliy_HTML_PDF 3/rerun_1000_20260321_111440/run_501_1000/stage2_downloads/gtri-works-enhance-ev-battery-reuse-and-recycling-georgia.html,/home/sm11926/Downloads/Tavily_ev automation/Taviliy_HTML_PDF 3/tavily_review_ready_documents_rerun_1000/run_501_1000/gtri-works-enhance-ev-battery-reuse-and-recycling-georgia.html,copied
run_501_1000,197,[PDF] LG Energy Solution ESG REPORT - LG에너지솔루션,review,/home/sm11926/Downloads/Tavily_ev automation/Taviliy_HTML_PDF 3/rerun_1000_20260321_111440/run_501_1000/stage2_downloads/LG_Energy_Solution_2024_ESG_Report_EN_F%5B0%5D.pdf,/home/sm11926/Downloads/Tavily_ev automation/Taviliy_HTML_PDF 3/rerun_1000_20260321_111440/run_501_1000/stage2_downloads/LG_Energy_Solution_2024_ESG_Report_EN_F%5B0%5D.pdf,/home/sm11926/Downloads/Tavily_ev automation/Taviliy_HTML_PDF 3/tavily_review_ready_documents_rerun_1000/run_501_1000/LG_Energy_Solution_2024_ESG_Report_EN_F%5B0%5D.pdf,copied
run_501_1000,269,"Logistics | Development Authority of Washington County, Georgia",review,/home/sm11926/Downloads/Tavily_ev automation/Taviliy_HTML_PDF 3/rerun_1000_20260321_111440/run_501_1000/stage2_downloads/logistics.html,/home/sm11926/Downloads/Tavily_ev automation/Taviliy_HTML_PDF 3/rerun_1000_20260321_111440/run_501_1000/stage2_downloads/logistics.html,/home/sm11926/Downloads/Tavily_ev automation/Taviliy_HTML_PDF 3/tavily_review_ready_documents_rerun_1000/run_501_1000/logistics.html,copied
run_501_1000,19,[PDF] CHINA DAILY - FARA eFile,review,/home/sm11926/Downloads/Tavily_ev automation/Taviliy_HTML_PDF 3/rerun_1000_20260321_111440/run_501_1000/stage2_downloads/3457-Informational-Materials-20240405-416.pdf,/home/sm11926/Downloads/Tavily_ev automation/Taviliy_HTML_PDF 3/rerun_1000_20260321_111440/run_501_1000/stage2_downloads/3457-Informational-Materials-20240405-416.pdf,/home/sm11926/Downloads/Tavily_ev automation/Taviliy_HTML_PDF 3/tavily_review_ready_documents_rerun_1000/run_501_1000/3457-Informational-Materials-20240405-416.pdf,copied
run_501_1000,348,[PDF] MEMORANDUM - Treasury.gov,review,/home/sm11926/Downloads/Tavily_ev automation/Taviliy_HTML_PDF 3/rerun_1000_20260321_111440/run_501_1000/stage2_downloads/8-16-23-Deputy-Secretary-of-the-Treasury-Inflation-Reduction-Act-One-Year-Anniversary-Interested-Parties-Memo.pdf,/home/sm11926/Downloads/Tavily_ev automation/Taviliy_HTML_PDF 3/rerun_1000_20260321_111440/run_501_1000/stage2_downloads/8-16-23-Deputy-Secretary-of-the-Treasury-Inflation-Reduction-Act-One-Year-Anniversary-Interested-Parties-Memo.pdf,/home/sm11926/Downloads/Tavily_ev automation/Taviliy_HTML_PDF 3/tavily_review_ready_documents_rerun_1000/run_501_1000/8-16-23-Deputy-Secretary-of-the-Treasury-Inflation-Reduction-Act-One-Year-Anniversary-Interested-Parties-Memo.pdf,copied
run_501_1000,448,[PDF] Battery Belt - Cushman & Wakefield,review,/home/sm11926/Downloads/Tavily_ev automation/Taviliy_HTML_PDF 3/rerun_1000_20260321_111440/run_501_1000/stage2_downloads/battery-belt.pdf,/home/sm11926/Downloads/Tavily_ev automation/Taviliy_HTML_PDF 3/rerun_1000_20260321_111440/run_501_1000/stage2_downloads/battery-belt.pdf,/home/sm11926/Downloads/Tavily_ev automation/Taviliy_HTML_PDF 3/tavily_review_ready_documents_rerun_1000/run_501_1000/battery-belt.pdf,copied
run_501_1000,338,"Presentation to Annual General Meeting held on April 17, 2024",review,/home/sm11926/Downloads/Tavily_ev automation/Taviliy_HTML_PDF 3/rerun_1000_20260321_111440/run_501_1000/stage2_downloads/nvx-ex99_3.htm,/home/sm11926/Downloads/Tavily_ev automation/Taviliy_HTML_PDF 3/rerun_1000_20260321_111440/run_501_1000/stage2_downloads/nvx-ex99_3.htm,/home/sm11926/Downloads/Tavily_ev automation/Taviliy_HTML_PDF 3/tavily_review_ready_documents_rerun_1000/run_501_1000/nvx-ex99_3.htm,copied
run_501_1000,1,"Troup County, Georgia | Business View Magazine",review,"/home/sm11926/Downloads/Tavily_ev automation/Taviliy_HTML_PDF 3/rerun_1000_20260321_111440/run_501_1000/stage2_downloads/Troup_County,_Georgia_Business_View_Magazine.html","/home/sm11926/Downloads/Tavily_ev automation/Taviliy_HTML_PDF 3/rerun_1000_20260321_111440/run_501_1000/stage2_downloads/Troup_County,_Georgia_Business_View_Magazine.html","/home/sm11926/Downloads/Tavily_ev automation/Taviliy_HTML_PDF 3/tavily_review_ready_documents_rerun_1000/run_501_1000/Troup_County,_Georgia_Business_View_Magazine.html",copied
run_501_1000,316,[PDF] BATTERY SPOTLIGHT - American Energy Society,review,/home/sm11926/Downloads/Tavily_ev automation/Taviliy_HTML_PDF 3/rerun_1000_20260321_111440/run_501_1000/stage2_downloads/battery_storage_a_landscape_view_of_the_battery_sector_in_the_us.pdf,/home/sm11926/Downloads/Tavily_ev automation/Taviliy_HTML_PDF 3/rerun_1000_20260321_111440/run_501_1000/stage2_downloads/battery_storage_a_landscape_view_of_the_battery_sector_in_the_us.pdf,/home/sm11926/Downloads/Tavily_ev automation/Taviliy_HTML_PDF 3/tavily_review_ready_documents_rerun_1000/run_501_1000/battery_storage_a_landscape_view_of_the_battery_sector_in_the_us.pdf,copied
run_501_1000,474,[PDF] State of the Clean Energy Boom Report - Climate Power,review,/home/sm11926/Downloads/Tavily_ev automation/Taviliy_HTML_PDF 3/rerun_1000_20260321_111440/run_501_1000/stage2_downloads/State-of-the-Clean-Energy-Boom-Report-March-2024.pdf,/home/sm11926/Downloads/Tavily_ev automation/Taviliy_HTML_PDF 3/rerun_1000_20260321_111440/run_501_1000/stage2_downloads/State-of-the-Clean-Energy-Boom-Report-March-2024.pdf,/home/sm11926/Downloads/Tavily_ev automation/Taviliy_HTML_PDF 3/tavily_review_ready_documents_rerun_1000/run_501_1000/State-of-the-Clean-Energy-Boom-Report-March-2024.pdf,copied
run_501_1000,323,Anovion to build battery material plant in Georgia - electrive.com,review,/home/sm11926/Downloads/Tavily_ev automation/Taviliy_HTML_PDF 3/rerun_1000_20260321_111440/run_501_1000/stage2_downloads/Anovion_to_build_battery_material_plant_in_Georgia_-_electrive.html,/home/sm11926/Downloads/Tavily_ev automation/Taviliy_HTML_PDF 3/rerun_1000_20260321_111440/run_501_1000/stage2_downloads/Anovion_to_build_battery_material_plant_in_Georgia_-_electrive.html,/home/sm11926/Downloads/Tavily_ev automation/Taviliy_HTML_PDF 3/tavily_review_ready_documents_rerun_1000/run_501_1000/Anovion_to_build_battery_material_plant_in_Georgia_-_electrive.html,copied
run_501_1000,363,Anovion to build battery material plant in Georgia - electrive.com,review,/home/sm11926/Downloads/Tavily_ev automation/Taviliy_HTML_PDF 3/rerun_1000_20260321_111440/run_501_1000/stage2_downloads/Anovion_to_build_battery_material_plant_in_Georgia_-_electrive_2.html,/home/sm11926/Downloads/Tavily_ev automation/Taviliy_HTML_PDF 3/rerun_1000_20260321_111440/run_501_1000/stage2_downloads/Anovion_to_build_battery_material_plant_in_Georgia_-_electrive_2.html,/home/sm11926/Downloads/Tavily_ev automation/Taviliy_HTML_PDF 3/tavily_review_ready_documents_rerun_1000/run_501_1000/Anovion_to_build_battery_material_plant_in_Georgia_-_electrive_2.html,copied
run_501_1000,463,Southern Business and Development,review,,,,missing_source
run_501_1000,54,Automotive Supplier Invests $11.2 Million in Toombs County | Georgia.org,review,,,,missing_source
run_501_1000,474,[PDF] Issue Brief: Federal Support for EV Jobs in Georgia,review,/home/sm11926/Downloads/Tavily_ev automation/Taviliy_HTML_PDF 3/rerun_1000_20260321_111440/run_501_1000/stage2_downloads/Issue-Brief-EV-Jobs-in-Georgia.pdf,/home/sm11926/Downloads/Tavily_ev automation/Taviliy_HTML_PDF 3/rerun_1000_20260321_111440/run_501_1000/stage2_downloads/Issue-Brief-EV-Jobs-in-Georgia.pdf,/home/sm11926/Downloads/Tavily_ev automation/Taviliy_HTML_PDF 3/tavily_review_ready_documents_rerun_1000/run_501_1000/Issue-Brief-EV-Jobs-in-Georgia.pdf,copied
run_501_1000,323,"Anovion Technologies to Create Over 400 Jobs in Bainbridge, Invest $800M in Manufacturing Facility | Georgia.org",review,,,,missing_source
run_501_1000,327,"Gov. Kemp: Anovion Technologies to Create Over 400 Jobs in Bainbridge, Invest $800M in Manufacturing Facility | Governor Brian P. Kemp Office of the Governor",review,/home/sm11926/Downloads/Tavily_ev automation/Taviliy_HTML_PDF 3/rerun_1000_20260321_111440/run_501_1000/stage2_downloads/gov-kemp-anovion-technologies-create-over-400-jobs-bainbridge-invest-800m.html,/home/sm11926/Downloads/Tavily_ev automation/Taviliy_HTML_PDF 3/rerun_1000_20260321_111440/run_501_1000/stage2_downloads/gov-kemp-anovion-technologies-create-over-400-jobs-bainbridge-invest-800m.html,/home/sm11926/Downloads/Tavily_ev automation/Taviliy_HTML_PDF 3/tavily_review_ready_documents_rerun_1000/run_501_1000/gov-kemp-anovion-technologies-create-over-400-jobs-bainbridge-invest-800m.html,copied
run_501_1000,468,FREYR Battery taps IRA as motivation to bring Battery Storage Manufacturing to Georgia | Energy Tech,review,/home/sm11926/Downloads/Tavily_ev automation/Taviliy_HTML_PDF 3/rerun_1000_20260321_111440/run_501_1000/stage2_downloads/freyr-battery-taps-ira-as-motivation-to-bring-battery-storage-manufacturing-to-georgia.html,/home/sm11926/Downloads/Tavily_ev automation/Taviliy_HTML_PDF 3/rerun_1000_20260321_111440/run_501_1000/stage2_downloads/freyr-battery-taps-ira-as-motivation-to-bring-battery-storage-manufacturing-to-georgia.html,/home/sm11926/Downloads/Tavily_ev automation/Taviliy_HTML_PDF 3/tavily_review_ready_documents_rerun_1000/run_501_1000/freyr-battery-taps-ira-as-motivation-to-bring-battery-storage-manufacturing-to-georgia.html,copied
run_501_1000,236,Electric Mobility Innovation Alliance (EMIA): Supply Chain | Georgia Department of Economic Development,review,,,,missing_source
run_501_1000,442,[PDF] CleanTech Monthly Monitor | Vol. 24 - Intro-act,review,/home/sm11926/Downloads/Tavily_ev automation/Taviliy_HTML_PDF 3/rerun_1000_20260321_111440/run_501_1000/stage2_downloads/202511211250441330518480.pdf,/home/sm11926/Downloads/Tavily_ev automation/Taviliy_HTML_PDF 3/rerun_1000_20260321_111440/run_501_1000/stage2_downloads/202511211250441330518480.pdf,/home/sm11926/Downloads/Tavily_ev automation/Taviliy_HTML_PDF 3/tavily_review_ready_documents_rerun_1000/run_501_1000/202511211250441330518480.pdf,copied
run_501_1000,157,Georgia’s Battery-Powered Future - Georgia Trend Magazine,review,/home/sm11926/Downloads/Tavily_ev automation/Taviliy_HTML_PDF 3/rerun_1000_20260321_111440/run_501_1000/stage2_downloads/Georgia’s_Battery-Powered_Future_-_Georgia_Trend_Magazine.html,/home/sm11926/Downloads/Tavily_ev automation/Taviliy_HTML_PDF 3/rerun_1000_20260321_111440/run_501_1000/stage2_downloads/Georgia’s_Battery-Powered_Future_-_Georgia_Trend_Magazine.html,/home/sm11926/Downloads/Tavily_ev automation/Taviliy_HTML_PDF 3/tavily_review_ready_documents_rerun_1000/run_501_1000/Georgia’s_Battery-Powered_Future_-_Georgia_Trend_Magazine.html,copied
run_501_1000,269,Georgia’s Extensive Logistics Network Speeds Goods to Market | Georgia.org,review,,,,missing_source
run_501_1000,494,[PDF] COLLABORATION - Georgia Department of Economic Development,review,/home/sm11926/Downloads/Tavily_ev automation/Taviliy_HTML_PDF 3/rerun_1000_20260321_111440/run_501_1000/stage2_downloads/fy23q2_board_book_-_23admin311.pdf,/home/sm11926/Downloads/Tavily_ev automation/Taviliy_HTML_PDF 3/rerun_1000_20260321_111440/run_501_1000/stage2_downloads/fy23q2_board_book_-_23admin311.pdf,/home/sm11926/Downloads/Tavily_ev automation/Taviliy_HTML_PDF 3/tavily_review_ready_documents_rerun_1000/run_501_1000/fy23q2_board_book_-_23admin311.pdf,copied
run_501_1000,468,Construction underway on 765 MW of new battery energy storage systems in Georgia,review,/home/sm11926/Downloads/Tavily_ev automation/Taviliy_HTML_PDF 3/rerun_1000_20260321_111440/run_501_1000/stage2_downloads/Construction_underway_on_765_MW_of_new_battery_energy_storage_systems_in_Georgia.html,/home/sm11926/Downloads/Tavily_ev automation/Taviliy_HTML_PDF 3/rerun_1000_20260321_111440/run_501_1000/stage2_downloads/Construction_underway_on_765_MW_of_new_battery_energy_storage_systems_in_Georgia.html,/home/sm11926/Downloads/Tavily_ev automation/Taviliy_HTML_PDF 3/tavily_review_ready_documents_rerun_1000/run_501_1000/Construction_underway_on_765_MW_of_new_battery_energy_storage_systems_in_Georgia.html,copied
run_501_1000,343,"Decatur County, Ga., Chosen for Lithium-Ion Battery Materials Factory",review,,,,missing_source
run_501_1000,319,"GA: Anovion Technologies to Create 400 Jobs in Bainbridge, Invest $800M in Manufacturing Facility | Trade and Industry Development",review,,,,missing_source
run_501_1000,494,Electric Mobility Innovation Alliance (EMIA): Supply Chain | Georgia Department of Economic Development,review,,,,missing_source
run_501_1000,404,Automotive Technology Insight | Industry News | Supply Chain,review,/home/sm11926/Downloads/Tavily_ev automation/Taviliy_HTML_PDF 3/rerun_1000_20260321_111440/run_501_1000/stage2_downloads/feed.html,/home/sm11926/Downloads/Tavily_ev automation/Taviliy_HTML_PDF 3/rerun_1000_20260321_111440/run_501_1000/stage2_downloads/feed.html,/home/sm11926/Downloads/Tavily_ev automation/Taviliy_HTML_PDF 3/tavily_review_ready_documents_rerun_1000/run_501_1000/feed.html,copied
run_501_1000,438,Hydrometallurgical recycling technologies for NMC Li-ion battery cathodes: current industrial practice and new R&D trends - RSC Sustainability (RSC Publishing) DOI:10.1039/D3SU00142C,review,/home/sm11926/Downloads/Tavily_ev automation/Taviliy_HTML_PDF 3/rerun_1000_20260321_111440/run_501_1000/stage2_downloads/d3su00142c.html,/home/sm11926/Downloads/Tavily_ev automation/Taviliy_HTML_PDF 3/rerun_1000_20260321_111440/run_501_1000/stage2_downloads/d3su00142c.html,/home/sm11926/Downloads/Tavily_ev automation/Taviliy_HTML_PDF 3/tavily_review_ready_documents_rerun_1000/run_501_1000/d3su00142c.html,copied
run_501_1000,307,[PDF] Graphite | 2022 Minerals Yearbook - USGS Publications Warehouse,review,/home/sm11926/Downloads/Tavily_ev automation/Taviliy_HTML_PDF 3/rerun_1000_20260321_111440/run_501_1000/stage2_downloads/myb1-2022-graphite.pdf,/home/sm11926/Downloads/Tavily_ev automation/Taviliy_HTML_PDF 3/rerun_1000_20260321_111440/run_501_1000/stage2_downloads/myb1-2022-graphite.pdf,/home/sm11926/Downloads/Tavily_ev automation/Taviliy_HTML_PDF 3/tavily_review_ready_documents_rerun_1000/run_501_1000/myb1-2022-graphite.pdf,copied
run_501_1000,103,NeoVolta Launches U.S. Battery Storage Factory in Georgia,review,"/home/sm11926/Downloads/Tavily_ev automation/Taviliy_HTML_PDF 3/rerun_1000_20260321_111440/run_501_1000/stage2_downloads/neovolta-launches-us-battery-storage-factory-in-georgia,112781.html","/home/sm11926/Downloads/Tavily_ev automation/Taviliy_HTML_PDF 3/rerun_1000_20260321_111440/run_501_1000/stage2_downloads/neovolta-launches-us-battery-storage-factory-in-georgia,112781.html","/home/sm11926/Downloads/Tavily_ev automation/Taviliy_HTML_PDF 3/tavily_review_ready_documents_rerun_1000/run_501_1000/neovolta-launches-us-battery-storage-factory-in-georgia,112781.html",copied
run_501_1000,180,[PDF] 2024 Collective Impact Report - Cox Enterprises,review,,,,missing_source
run_501_1000,7,"Georgia welcomes automotive part manufacturing growth, new factory serves as OEM supplier | Repairer Driven News",review,"/home/sm11926/Downloads/Tavily_ev automation/Taviliy_HTML_PDF 3/rerun_1000_20260321_111440/run_501_1000/stage2_downloads/Georgia_welcomes_automotive_part_manufacturing_growth,_new_factory_serves_as_OEM_supplier_Repairer_Driven_News.html","/home/sm11926/Downloads/Tavily_ev automation/Taviliy_HTML_PDF 3/rerun_1000_20260321_111440/run_501_1000/stage2_downloads/Georgia_welcomes_automotive_part_manufacturing_growth,_new_factory_serves_as_OEM_supplier_Repairer_Driven_News.html","/home/sm11926/Downloads/Tavily_ev automation/Taviliy_HTML_PDF 3/tavily_review_ready_documents_rerun_1000/run_501_1000/Georgia_welcomes_automotive_part_manufacturing_growth,_new_factory_serves_as_OEM_supplier_Repairer_Driven_News.html",copied
run_501_1000,89,Strategic EV Battery Partnerships: How Hyundai and LG Energy Solution's $4.3 Billion JV Positions Them for IRA-Driven Growth,review,/home/sm11926/Downloads/Tavily_ev automation/Taviliy_HTML_PDF 3/rerun_1000_20260321_111440/run_501_1000/stage2_downloads/Strategic_EV_Battery_Partnerships_How_Hyundai_and_LG_Energy_Solution's_$4.html,/home/sm11926/Downloads/Tavily_ev automation/Taviliy_HTML_PDF 3/rerun_1000_20260321_111440/run_501_1000/stage2_downloads/Strategic_EV_Battery_Partnerships_How_Hyundai_and_LG_Energy_Solution's_$4.html,/home/sm11926/Downloads/Tavily_ev automation/Taviliy_HTML_PDF 3/tavily_review_ready_documents_rerun_1000/run_501_1000/Strategic_EV_Battery_Partnerships_How_Hyundai_and_LG_Energy_Solution's_$4.html,copied
run_501_1000,170,Here's where Georgia is installing 500 MW of new battery energy storage,review,/home/sm11926/Downloads/Tavily_ev automation/Taviliy_HTML_PDF 3/rerun_1000_20260321_111440/run_501_1000/stage2_downloads/Here's_where_Georgia_is_installing_500_MW_of_new_battery_energy_storage.html,/home/sm11926/Downloads/Tavily_ev automation/Taviliy_HTML_PDF 3/rerun_1000_20260321_111440/run_501_1000/stage2_downloads/Here's_where_Georgia_is_installing_500_MW_of_new_battery_energy_storage.html,/home/sm11926/Downloads/Tavily_ev automation/Taviliy_HTML_PDF 3/tavily_review_ready_documents_rerun_1000/run_501_1000/Here's_where_Georgia_is_installing_500_MW_of_new_battery_energy_storage.html,copied
run_501_1000,479,[PDF] automotive-battery-supply-chain-analysis-2021 ... - ABB,review,,,,missing_source
run_501_1000,407,[PDF] Focused on Lithium & Battery Materials Reintegration - Amazon AWS,review,,,,missing_source
run_501_1000,484,"Gov. Kemp: Battery Manufacturer to Invest $2.57B, Create Over 700 Jobs in Coweta County | Governor Brian P. Kemp Office of the Governor",review,/home/sm11926/Downloads/Tavily_ev automation/Taviliy_HTML_PDF 3/rerun_1000_20260321_111440/run_501_1000/stage2_downloads/gov-kemp-battery-manufacturer-invest-257b-create-over-700-jobs-coweta.html,/home/sm11926/Downloads/Tavily_ev automation/Taviliy_HTML_PDF 3/rerun_1000_20260321_111440/run_501_1000/stage2_downloads/gov-kemp-battery-manufacturer-invest-257b-create-over-700-jobs-coweta.html,/home/sm11926/Downloads/Tavily_ev automation/Taviliy_HTML_PDF 3/tavily_review_ready_documents_rerun_1000/run_501_1000/gov-kemp-battery-manufacturer-invest-257b-create-over-700-jobs-coweta.html,copied
run_501_1000,468,"The Rise of the ""Battery Belt"" in the Southeast United States: Georgia's Electric Vehicle Boom - Environment+Energy Leader",review,"/home/sm11926/Downloads/Tavily_ev automation/Taviliy_HTML_PDF 3/rerun_1000_20260321_111440/run_501_1000/stage2_downloads/the-rise-of-the-battery-belt-in-the-southeast-united-states-georgias-electric-vehicle-boom,48331.html","/home/sm11926/Downloads/Tavily_ev automation/Taviliy_HTML_PDF 3/rerun_1000_20260321_111440/run_501_1000/stage2_downloads/the-rise-of-the-battery-belt-in-the-southeast-united-states-georgias-electric-vehicle-boom,48331.html","/home/sm11926/Downloads/Tavily_ev automation/Taviliy_HTML_PDF 3/tavily_review_ready_documents_rerun_1000/run_501_1000/the-rise-of-the-battery-belt-in-the-southeast-united-states-georgias-electric-vehicle-boom,48331.html",copied
run_501_1000,106,Italian Manufacturer to Open First U.S. Facility in Gwinnett County | Governor Brian P. Kemp Office of the Governor,review,/home/sm11926/Downloads/Tavily_ev automation/Taviliy_HTML_PDF 3/rerun_1000_20260321_111440/run_501_1000/stage2_downloads/italian-manufacturer-open-first-us-facility-gwinnett-county.html,/home/sm11926/Downloads/Tavily_ev automation/Taviliy_HTML_PDF 3/rerun_1000_20260321_111440/run_501_1000/stage2_downloads/italian-manufacturer-open-first-us-facility-gwinnett-county.html,/home/sm11926/Downloads/Tavily_ev automation/Taviliy_HTML_PDF 3/tavily_review_ready_documents_rerun_1000/run_501_1000/italian-manufacturer-open-first-us-facility-gwinnett-county.html,copied
run_501_1000,246,Hyundai Motor Group and SK On to Build EV Battery Facility in Georgia - Autobody News,review,,,,missing_source
run_501_1000,422,Georgia Business Assets a Powerful Magnet for Electric Vehicle Industry - Metro Atlanta CEO,review,/home/sm11926/Downloads/Tavily_ev automation/Taviliy_HTML_PDF 3/rerun_1000_20260321_111440/run_501_1000/stage2_downloads/Georgia_Business_Assets_a_Powerful_Magnet_for_Electric_Vehicle_Industry_-_Metro_Atlanta_CEO.html,/home/sm11926/Downloads/Tavily_ev automation/Taviliy_HTML_PDF 3/rerun_1000_20260321_111440/run_501_1000/stage2_downloads/Georgia_Business_Assets_a_Powerful_Magnet_for_Electric_Vehicle_Industry_-_Metro_Atlanta_CEO.html,/home/sm11926/Downloads/Tavily_ev automation/Taviliy_HTML_PDF 3/tavily_review_ready_documents_rerun_1000/run_501_1000/Georgia_Business_Assets_a_Powerful_Magnet_for_Electric_Vehicle_Industry_-_Metro_Atlanta_CEO.html,copied
run_501_1000,74,SK Battery America cuts 958 jobs at $2.6 billion Georgia plant amid EV pullback | Prism News,review,,,,missing_source
run_501_1000,466,Freyr Battery abandons plans for Georgia battery factory – pv magazine USA,review,,,,missing_source
run_501_1000,478,Battery Resourcers to Open North America’s Largest Lithium-ion Battery Recycling Facility in Georgia - AllOnGeorgia,review,/home/sm11926/Downloads/Tavily_ev automation/Taviliy_HTML_PDF 3/rerun_1000_20260321_111440/run_501_1000/stage2_downloads/battery-resourcers-to-open-north-americas-largest-lithium-ion-battery-recycling-facility-in-georgia.html,/home/sm11926/Downloads/Tavily_ev automation/Taviliy_HTML_PDF 3/rerun_1000_20260321_111440/run_501_1000/stage2_downloads/battery-resourcers-to-open-north-americas-largest-lithium-ion-battery-recycling-facility-in-georgia.html,/home/sm11926/Downloads/Tavily_ev automation/Taviliy_HTML_PDF 3/tavily_review_ready_documents_rerun_1000/run_501_1000/battery-resourcers-to-open-north-americas-largest-lithium-ion-battery-recycling-facility-in-georgia.html,copied
run_501_1000,156,POWERING PROSPERITY,review,/home/sm11926/Downloads/Tavily_ev automation/Taviliy_HTML_PDF 3/rerun_1000_20260321_111440/run_501_1000/stage2_downloads/NEX_Powering-Prosperity-Report.pdf,/home/sm11926/Downloads/Tavily_ev automation/Taviliy_HTML_PDF 3/rerun_1000_20260321_111440/run_501_1000/stage2_downloads/NEX_Powering-Prosperity-Report.pdf,/home/sm11926/Downloads/Tavily_ev automation/Taviliy_HTML_PDF 3/tavily_review_ready_documents_rerun_1000/run_501_1000/NEX_Powering-Prosperity-Report.pdf,copied
run_501_1000,447,"Enchem to Build Two Facilities in Jackson County, Create 300 Jobs | Governor Brian P. Kemp Office of the Governor",review,/home/sm11926/Downloads/Tavily_ev automation/Taviliy_HTML_PDF 3/rerun_1000_20260321_111440/run_501_1000/stage2_downloads/enchem-build-two-facilities-jackson-county-create-300-jobs.html,/home/sm11926/Downloads/Tavily_ev automation/Taviliy_HTML_PDF 3/rerun_1000_20260321_111440/run_501_1000/stage2_downloads/enchem-build-two-facilities-jackson-county-create-300-jobs.html,/home/sm11926/Downloads/Tavily_ev automation/Taviliy_HTML_PDF 3/tavily_review_ready_documents_rerun_1000/run_501_1000/enchem-build-two-facilities-jackson-county-create-300-jobs.html,copied
run_501_1000,330,[PDF] Meeting &Conference,review,/home/sm11926/Downloads/Tavily_ev automation/Taviliy_HTML_PDF 3/rerun_1000_20260321_111440/run_501_1000/stage2_downloads/NATTBATT2023_Program_DIGITAL.pdf,/home/sm11926/Downloads/Tavily_ev automation/Taviliy_HTML_PDF 3/rerun_1000_20260321_111440/run_501_1000/stage2_downloads/NATTBATT2023_Program_DIGITAL.pdf,/home/sm11926/Downloads/Tavily_ev automation/Taviliy_HTML_PDF 3/tavily_review_ready_documents_rerun_1000/run_501_1000/NATTBATT2023_Program_DIGITAL.pdf,copied
run_501_1000,468,Georgia Ports welcomes new MEDLOG flagship cold chain facility to Savannah • The Georgia Virtue,review,/home/sm11926/Downloads/Tavily_ev automation/Taviliy_HTML_PDF 3/rerun_1000_20260321_111440/run_501_1000/stage2_downloads/Georgia_Ports_welcomes_new_MEDLOG_flagship_cold_chain_facility_to_Savannah_•_The_Georgia_Virtue.html,/home/sm11926/Downloads/Tavily_ev automation/Taviliy_HTML_PDF 3/rerun_1000_20260321_111440/run_501_1000/stage2_downloads/Georgia_Ports_welcomes_new_MEDLOG_flagship_cold_chain_facility_to_Savannah_•_The_Georgia_Virtue.html,/home/sm11926/Downloads/Tavily_ev automation/Taviliy_HTML_PDF 3/tavily_review_ready_documents_rerun_1000/run_501_1000/Georgia_Ports_welcomes_new_MEDLOG_flagship_cold_chain_facility_to_Savannah_•_The_Georgia_Virtue.html,copied
run_501_1000,258,EX-99.1,review,/home/sm11926/Downloads/Tavily_ev automation/Taviliy_HTML_PDF 3/rerun_1000_20260321_111440/run_501_1000/stage2_downloads/d887175dex991.htm,/home/sm11926/Downloads/Tavily_ev automation/Taviliy_HTML_PDF 3/rerun_1000_20260321_111440/run_501_1000/stage2_downloads/d887175dex991.htm,/home/sm11926/Downloads/Tavily_ev automation/Taviliy_HTML_PDF 3/tavily_review_ready_documents_rerun_1000/run_501_1000/d887175dex991.htm,copied
run_501_1000,34,Embracing Progress: Highlights from our First Pop-Up Bus Tour in Troup County - Location Georgia,review,,,,missing_source
run_501_1000,244,[PDF] Georgia Department of Economic Development Board Meeting,review,,,,missing_source
run_501_1000,469,Freyr purchases land in Georgia for battery plant - electrive.com,review,/home/sm11926/Downloads/Tavily_ev automation/Taviliy_HTML_PDF 3/rerun_1000_20260321_111440/run_501_1000/stage2_downloads/Freyr_purchases_land_in_Georgia_for_battery_plant_-_electrive.html,/home/sm11926/Downloads/Tavily_ev automation/Taviliy_HTML_PDF 3/rerun_1000_20260321_111440/run_501_1000/stage2_downloads/Freyr_purchases_land_in_Georgia_for_battery_plant_-_electrive.html,/home/sm11926/Downloads/Tavily_ev automation/Taviliy_HTML_PDF 3/tavily_review_ready_documents_rerun_1000/run_501_1000/Freyr_purchases_land_in_Georgia_for_battery_plant_-_electrive.html,copied
run_501_1000,43,Georgia Power requests PSC permission to build and own 3GW of new battery storage projects - Energy-Storage.News,review,/home/sm11926/Downloads/Tavily_ev automation/Taviliy_HTML_PDF 3/rerun_1000_20260321_111440/run_501_1000/stage2_downloads/Georgia_Power_requests_PSC_permission_to_build_and_own_3GW_of_new_battery_storage_projects_-_Energy-Storage.html,/home/sm11926/Downloads/Tavily_ev automation/Taviliy_HTML_PDF 3/rerun_1000_20260321_111440/run_501_1000/stage2_downloads/Georgia_Power_requests_PSC_permission_to_build_and_own_3GW_of_new_battery_storage_projects_-_Energy-Storage.html,/home/sm11926/Downloads/Tavily_ev automation/Taviliy_HTML_PDF 3/tavily_review_ready_documents_rerun_1000/run_501_1000/Georgia_Power_requests_PSC_permission_to_build_and_own_3GW_of_new_battery_storage_projects_-_Energy-Storage.html,copied
run_501_1000,274,[PDF] Senate - Congressional Record,review,/home/sm11926/Downloads/Tavily_ev automation/Taviliy_HTML_PDF 3/rerun_1000_20260321_111440/run_501_1000/stage2_downloads/CREC-2023-09-05-senate.pdf,/home/sm11926/Downloads/Tavily_ev automation/Taviliy_HTML_PDF 3/rerun_1000_20260321_111440/run_501_1000/stage2_downloads/CREC-2023-09-05-senate.pdf,/home/sm11926/Downloads/Tavily_ev automation/Taviliy_HTML_PDF 3/tavily_review_ready_documents_rerun_1000/run_501_1000/CREC-2023-09-05-senate.pdf,copied
run_501_1000,208,[PDF] STATE OF Georgia's Supply Chain/ Logistics Technology Ecosystem,review,/home/sm11926/Downloads/Tavily_ev automation/Taviliy_HTML_PDF 3/rerun_1000_20260321_111440/run_501_1000/stage2_downloads/2020-Georgia_s-Supply-Chain-Ecosystem-Report.pdf,/home/sm11926/Downloads/Tavily_ev automation/Taviliy_HTML_PDF 3/rerun_1000_20260321_111440/run_501_1000/stage2_downloads/2020-Georgia_s-Supply-Chain-Ecosystem-Report.pdf,/home/sm11926/Downloads/Tavily_ev automation/Taviliy_HTML_PDF 3/tavily_review_ready_documents_rerun_1000/run_501_1000/2020-Georgia_s-Supply-Chain-Ecosystem-Report.pdf,copied
run_501_1000,130,Georgia Ports Authority (a Component Unit of the State of Georgia),review,,,,missing_source
run_501_1000,238,"Yes, EV Battery Recycling Plants Are Ready in the U.S.",review,/home/sm11926/Downloads/Tavily_ev automation/Taviliy_HTML_PDF 3/rerun_1000_20260321_111440/run_501_1000/stage2_downloads/ev-battery-recycling-in-us.html,/home/sm11926/Downloads/Tavily_ev automation/Taviliy_HTML_PDF 3/rerun_1000_20260321_111440/run_501_1000/stage2_downloads/ev-battery-recycling-in-us.html,/home/sm11926/Downloads/Tavily_ev automation/Taviliy_HTML_PDF 3/tavily_review_ready_documents_rerun_1000/run_501_1000/ev-battery-recycling-in-us.html,copied
run_501_1000,7,Georgia is plugged in to electric transportation | Select Georgia,review,/home/sm11926/Downloads/Tavily_ev automation/Taviliy_HTML_PDF 3/rerun_1000_20260321_111440/run_501_1000/stage2_downloads/Georgia_is_plugged_in_to_electric_transportation_Select_Georgia.html,/home/sm11926/Downloads/Tavily_ev automation/Taviliy_HTML_PDF 3/rerun_1000_20260321_111440/run_501_1000/stage2_downloads/Georgia_is_plugged_in_to_electric_transportation_Select_Georgia.html,/home/sm11926/Downloads/Tavily_ev automation/Taviliy_HTML_PDF 3/tavily_review_ready_documents_rerun_1000/run_501_1000/Georgia_is_plugged_in_to_electric_transportation_Select_Georgia.html,copied
run_501_1000,440,"Lineage Logistics Expands Port-Centric Facility Footprint in Savannah, Georgia — Bay Grove",review,/home/sm11926/Downloads/Tavily_ev automation/Taviliy_HTML_PDF 3/rerun_1000_20260321_111440/run_501_1000/stage2_downloads/lineage-logistics-expands-port-centric-facility-footprint-in-savannah-georgia.html,/home/sm11926/Downloads/Tavily_ev automation/Taviliy_HTML_PDF 3/rerun_1000_20260321_111440/run_501_1000/stage2_downloads/lineage-logistics-expands-port-centric-facility-footprint-in-savannah-georgia.html,/home/sm11926/Downloads/Tavily_ev automation/Taviliy_HTML_PDF 3/tavily_review_ready_documents_rerun_1000/run_501_1000/lineage-logistics-expands-port-centric-facility-footprint-in-savannah-georgia.html,copied
run_501_1000,468,Georgia Ports welcomes new MEDLOG flagship cold chain facility to Savannah | Effingham County Development Authority,review,/home/sm11926/Downloads/Tavily_ev automation/Taviliy_HTML_PDF 3/rerun_1000_20260321_111440/run_501_1000/stage2_downloads/georgia-ports-welcomes-new-medlog-flagship-cold-chain-facility-to-savannah.html,/home/sm11926/Downloads/Tavily_ev automation/Taviliy_HTML_PDF 3/rerun_1000_20260321_111440/run_501_1000/stage2_downloads/georgia-ports-welcomes-new-medlog-flagship-cold-chain-facility-to-savannah.html,/home/sm11926/Downloads/Tavily_ev automation/Taviliy_HTML_PDF 3/tavily_review_ready_documents_rerun_1000/run_501_1000/georgia-ports-welcomes-new-medlog-flagship-cold-chain-facility-to-savannah.html,copied
run_501_1000,468,Georgia Ports welcomes new MEDLOG flagship cold chain facility to Savannah | AJOT.COM,review,,,,missing_source
run_501_1000,74,Rivian 's Georgia EV Plant: A Strategic Catalyst for the...,review,/home/sm11926/Downloads/Tavily_ev automation/Taviliy_HTML_PDF 3/rerun_1000_20260321_111440/run_501_1000/stage2_downloads/Rivian_'s_Georgia_EV_Plant_A_Strategic_Catalyst_for_the...html,/home/sm11926/Downloads/Tavily_ev automation/Taviliy_HTML_PDF 3/rerun_1000_20260321_111440/run_501_1000/stage2_downloads/Rivian_'s_Georgia_EV_Plant_A_Strategic_Catalyst_for_the...html,/home/sm11926/Downloads/Tavily_ev automation/Taviliy_HTML_PDF 3/tavily_review_ready_documents_rerun_1000/run_501_1000/Rivian_'s_Georgia_EV_Plant_A_Strategic_Catalyst_for_the...html,copied
run_501_1000,144,"Hyundai, SK On plan $5B Georgia EV battery plant | Utility Dive",review,,,,missing_source
run_501_1000,469,"Freyr Battery acquires site to build battery plant in Georgia, US - World Construction Network",review,"/home/sm11926/Downloads/Tavily_ev automation/Taviliy_HTML_PDF 3/rerun_1000_20260321_111440/run_501_1000/stage2_downloads/Freyr_Battery_acquires_site_to_build_battery_plant_in_Georgia,_US_-_World_Construction_Network.html","/home/sm11926/Downloads/Tavily_ev automation/Taviliy_HTML_PDF 3/rerun_1000_20260321_111440/run_501_1000/stage2_downloads/Freyr_Battery_acquires_site_to_build_battery_plant_in_Georgia,_US_-_World_Construction_Network.html","/home/sm11926/Downloads/Tavily_ev automation/Taviliy_HTML_PDF 3/tavily_review_ready_documents_rerun_1000/run_501_1000/Freyr_Battery_acquires_site_to_build_battery_plant_in_Georgia,_US_-_World_Construction_Network.html",copied
run_501_1000,117,GEORGIA,review,/home/sm11926/Downloads/Tavily_ev automation/Taviliy_HTML_PDF 3/rerun_1000_20260321_111440/run_501_1000/stage2_downloads/State-of-the-Clean-Energy-Boom_Georgia.pdf,/home/sm11926/Downloads/Tavily_ev automation/Taviliy_HTML_PDF 3/rerun_1000_20260321_111440/run_501_1000/stage2_downloads/State-of-the-Clean-Energy-Boom_Georgia.pdf,/home/sm11926/Downloads/Tavily_ev automation/Taviliy_HTML_PDF 3/tavily_review_ready_documents_rerun_1000/run_501_1000/State-of-the-Clean-Energy-Boom_Georgia.pdf,copied
run_501_1000,239,EV Parts Supplier NVH Korea To Establish Georgia Facility,review,,,,missing_source
run_501_1000,491,LPO Announces $1.45 Billion Loan Guarantee to Qcells to Finance a Solar Manufacturing Facility in Georgia | Department of Energy,review,/home/sm11926/Downloads/Tavily_ev automation/Taviliy_HTML_PDF 3/rerun_1000_20260321_111440/run_501_1000/stage2_downloads/lpo-announces-145-billion-loan-guarantee-qcells-finance-solar-manufacturing-facility.html,/home/sm11926/Downloads/Tavily_ev automation/Taviliy_HTML_PDF 3/rerun_1000_20260321_111440/run_501_1000/stage2_downloads/lpo-announces-145-billion-loan-guarantee-qcells-finance-solar-manufacturing-facility.html,/home/sm11926/Downloads/Tavily_ev automation/Taviliy_HTML_PDF 3/tavily_review_ready_documents_rerun_1000/run_501_1000/lpo-announces-145-billion-loan-guarantee-qcells-finance-solar-manufacturing-facility.html,copied
run_501_1000,438,Lithium-ion battery recycling goes large - C&EN,review,/home/sm11926/Downloads/Tavily_ev automation/Taviliy_HTML_PDF 3/rerun_1000_20260321_111440/run_501_1000/stage2_downloads/i38.html,/home/sm11926/Downloads/Tavily_ev automation/Taviliy_HTML_PDF 3/rerun_1000_20260321_111440/run_501_1000/stage2_downloads/i38.html,/home/sm11926/Downloads/Tavily_ev automation/Taviliy_HTML_PDF 3/tavily_review_ready_documents_rerun_1000/run_501_1000/i38.html,copied
run_501_1000,491,LPO Announces $1.45 Billion Loan Guarantee to Qcells to Finance a Solar Manufacturing Facility in Georgia | Department of Energy,review,/home/sm11926/Downloads/Tavily_ev automation/Taviliy_HTML_PDF 3/rerun_1000_20260321_111440/run_501_1000/stage2_downloads/lpo-announces-145-billion-loan-guarantee-qcells-finance-solar-manufacturing-facility_3.html,/home/sm11926/Downloads/Tavily_ev automation/Taviliy_HTML_PDF 3/rerun_1000_20260321_111440/run_501_1000/stage2_downloads/lpo-announces-145-billion-loan-guarantee-qcells-finance-solar-manufacturing-facility_3.html,/home/sm11926/Downloads/Tavily_ev automation/Taviliy_HTML_PDF 3/tavily_review_ready_documents_rerun_1000/run_501_1000/lpo-announces-145-billion-loan-guarantee-qcells-finance-solar-manufacturing-facility_3.html,copied
run_501_1000,491,LPO Announces $1.45 Billion Loan Guarantee to Qcells to Finance a Solar Manufacturing Facility in Georgia | Department of Energy,review,/home/sm11926/Downloads/Tavily_ev automation/Taviliy_HTML_PDF 3/rerun_1000_20260321_111440/run_501_1000/stage2_downloads/lpo-announces-145-billion-loan-guarantee-qcells-finance-solar-manufacturing-facility_2.html,/home/sm11926/Downloads/Tavily_ev automation/Taviliy_HTML_PDF 3/rerun_1000_20260321_111440/run_501_1000/stage2_downloads/lpo-announces-145-billion-loan-guarantee-qcells-finance-solar-manufacturing-facility_2.html,/home/sm11926/Downloads/Tavily_ev automation/Taviliy_HTML_PDF 3/tavily_review_ready_documents_rerun_1000/run_501_1000/lpo-announces-145-billion-loan-guarantee-qcells-finance-solar-manufacturing-facility_2.html,copied
run_501_1000,466,FREYR Battery signs 10 GWh plus battery agreement – pv magazine USA,review,/home/sm11926/Downloads/Tavily_ev automation/Taviliy_HTML_PDF 3/rerun_1000_20260321_111440/run_501_1000/stage2_downloads/FREYR_Battery_signs_10_GWh_plus_battery_agreement_–_pv_magazine_USA.html,/home/sm11926/Downloads/Tavily_ev automation/Taviliy_HTML_PDF 3/rerun_1000_20260321_111440/run_501_1000/stage2_downloads/FREYR_Battery_signs_10_GWh_plus_battery_agreement_–_pv_magazine_USA.html,/home/sm11926/Downloads/Tavily_ev automation/Taviliy_HTML_PDF 3/tavily_review_ready_documents_rerun_1000/run_501_1000/FREYR_Battery_signs_10_GWh_plus_battery_agreement_–_pv_magazine_USA.html,copied
run_501_1000,384,ENCHEM: The Winning Plan to Dominate the Battery Electrolyte ...,review,/home/sm11926/Downloads/Tavily_ev automation/Taviliy_HTML_PDF 3/rerun_1000_20260321_111440/run_501_1000/stage2_downloads/ENCHEM_The_Winning_Plan_to_Dominate_the_Battery_Electrolyte_...html,/home/sm11926/Downloads/Tavily_ev automation/Taviliy_HTML_PDF 3/rerun_1000_20260321_111440/run_501_1000/stage2_downloads/ENCHEM_The_Winning_Plan_to_Dominate_the_Battery_Electrolyte_...html,/home/sm11926/Downloads/Tavily_ev automation/Taviliy_HTML_PDF 3/tavily_review_ready_documents_rerun_1000/run_501_1000/ENCHEM_The_Winning_Plan_to_Dominate_the_Battery_Electrolyte_...html,copied
run_501_1000,1,Hyundai Motor Group Will Build Big EV Plant And Battery Facility In Georgia,review,/home/sm11926/Downloads/Tavily_ev automation/Taviliy_HTML_PDF 3/rerun_1000_20260321_111440/run_501_1000/stage2_downloads/Hyundai_Motor_Group_Will_Build_Big_EV_Plant_And_Battery_Facility_In_Georgia.html,/home/sm11926/Downloads/Tavily_ev automation/Taviliy_HTML_PDF 3/rerun_1000_20260321_111440/run_501_1000/stage2_downloads/Hyundai_Motor_Group_Will_Build_Big_EV_Plant_And_Battery_Facility_In_Georgia.html,/home/sm11926/Downloads/Tavily_ev automation/Taviliy_HTML_PDF 3/tavily_review_ready_documents_rerun_1000/run_501_1000/Hyundai_Motor_Group_Will_Build_Big_EV_Plant_And_Battery_Facility_In_Georgia.html,copied
run_501_1000,9,[PDF] The Energy Storage Report 2026 - UTM.io,review,/home/sm11926/Downloads/Tavily_ev automation/Taviliy_HTML_PDF 3/rerun_1000_20260321_111440/run_501_1000/stage2_downloads/ESN%20Report%202026.pdf,/home/sm11926/Downloads/Tavily_ev automation/Taviliy_HTML_PDF 3/rerun_1000_20260321_111440/run_501_1000/stage2_downloads/ESN%20Report%202026.pdf,/home/sm11926/Downloads/Tavily_ev automation/Taviliy_HTML_PDF 3/tavily_review_ready_documents_rerun_1000/run_501_1000/ESN%20Report%202026.pdf,copied
run_501_1000,8,Analyzing a Decade of Economic Success in Georgia - Expansion Solutions,review,,,,missing_source
run_501_1000,180,EV Parts Supplier NVH Korea To Establish Georgia Facility,review,,,,missing_source
run_501_1000,258,EdgarFiling,review,/home/sm11926/Downloads/Tavily_ev automation/Taviliy_HTML_PDF 3/rerun_1000_20260321_111440/run_501_1000/stage2_downloads/exh_991_2.htm,/home/sm11926/Downloads/Tavily_ev automation/Taviliy_HTML_PDF 3/rerun_1000_20260321_111440/run_501_1000/stage2_downloads/exh_991_2.htm,/home/sm11926/Downloads/Tavily_ev automation/Taviliy_HTML_PDF 3/tavily_review_ready_documents_rerun_1000/run_501_1000/exh_991_2.htm,copied
run_501_1000,258,EdgarFiling,review,/home/sm11926/Downloads/Tavily_ev automation/Taviliy_HTML_PDF 3/rerun_1000_20260321_111440/run_501_1000/stage2_downloads/exh_991_3.htm,/home/sm11926/Downloads/Tavily_ev automation/Taviliy_HTML_PDF 3/rerun_1000_20260321_111440/run_501_1000/stage2_downloads/exh_991_3.htm,/home/sm11926/Downloads/Tavily_ev automation/Taviliy_HTML_PDF 3/tavily_review_ready_documents_rerun_1000/run_501_1000/exh_991_3.htm,copied
run_501_1000,449,[PDF] RISING ELECTRIC VEHICLE REGISTRATIONS AND NEW EU ...,review,/home/sm11926/Downloads/Tavily_ev automation/Taviliy_HTML_PDF 3/rerun_1000_20260321_111440/run_501_1000/stage2_downloads/2025-06-BZF_Kurzinfo_Marktanalyse_Q2_ENG.pdf,/home/sm11926/Downloads/Tavily_ev automation/Taviliy_HTML_PDF 3/rerun_1000_20260321_111440/run_501_1000/stage2_downloads/2025-06-BZF_Kurzinfo_Marktanalyse_Q2_ENG.pdf,/home/sm11926/Downloads/Tavily_ev automation/Taviliy_HTML_PDF 3/tavily_review_ready_documents_rerun_1000/run_501_1000/2025-06-BZF_Kurzinfo_Marktanalyse_Q2_ENG.pdf,copied
run_501_1000,438,Battery/Storage | E2,review,/home/sm11926/Downloads/Tavily_ev automation/Taviliy_HTML_PDF 3/rerun_1000_20260321_111440/run_501_1000/stage2_downloads/Battery_Storage_E2.html,/home/sm11926/Downloads/Tavily_ev automation/Taviliy_HTML_PDF 3/rerun_1000_20260321_111440/run_501_1000/stage2_downloads/Battery_Storage_E2.html,/home/sm11926/Downloads/Tavily_ev automation/Taviliy_HTML_PDF 3/tavily_review_ready_documents_rerun_1000/run_501_1000/Battery_Storage_E2.html,copied
run_501_1000,469,FREYR Battery Announces Plans for U.S. Gigafactory in Georgia,review,/home/sm11926/Downloads/Tavily_ev automation/Taviliy_HTML_PDF 3/rerun_1000_20260321_111440/run_501_1000/stage2_downloads/FREYR-Battery-Announces-Plans-for-U.S.html,/home/sm11926/Downloads/Tavily_ev automation/Taviliy_HTML_PDF 3/rerun_1000_20260321_111440/run_501_1000/stage2_downloads/FREYR-Battery-Announces-Plans-for-U.S.html,/home/sm11926/Downloads/Tavily_ev automation/Taviliy_HTML_PDF 3/tavily_review_ready_documents_rerun_1000/run_501_1000/FREYR-Battery-Announces-Plans-for-U.S.html,copied
run_501_1000,66,SK On and Hyundai Partner on Georgia EV Battery Plant | News | SK,review,/home/sm11926/Downloads/Tavily_ev automation/Taviliy_HTML_PDF 3/rerun_1000_20260321_111440/run_501_1000/stage2_downloads/sk-on-and-hyundai-motor-bolster-support-for-u-s-evs-with-georgia-battery-plant.html,/home/sm11926/Downloads/Tavily_ev automation/Taviliy_HTML_PDF 3/rerun_1000_20260321_111440/run_501_1000/stage2_downloads/sk-on-and-hyundai-motor-bolster-support-for-u-s-evs-with-georgia-battery-plant.html,/home/sm11926/Downloads/Tavily_ev automation/Taviliy_HTML_PDF 3/tavily_review_ready_documents_rerun_1000/run_501_1000/sk-on-and-hyundai-motor-bolster-support-for-u-s-evs-with-georgia-battery-plant.html,copied
run_501_1000,469,Freyr Battery cancels $2.6 billion Georgia plant for solar shift - Automotive Technology Insight | Forecasts | Industry News | Supply Chain,review,/home/sm11926/Downloads/Tavily_ev automation/Taviliy_HTML_PDF 3/rerun_1000_20260321_111440/run_501_1000/stage2_downloads/freyr-battery-cancels-26-billion-georgia-plant-for-solar-shift.html,/home/sm11926/Downloads/Tavily_ev automation/Taviliy_HTML_PDF 3/rerun_1000_20260321_111440/run_501_1000/stage2_downloads/freyr-battery-cancels-26-billion-georgia-plant-for-solar-shift.html,/home/sm11926/Downloads/Tavily_ev automation/Taviliy_HTML_PDF 3/tavily_review_ready_documents_rerun_1000/run_501_1000/freyr-battery-cancels-26-billion-georgia-plant-for-solar-shift.html,copied
run_501_1000,74,Georgia offered $641M in incentives to woo SK-Hyundai EV battery plant,review,/home/sm11926/Downloads/Tavily_ev automation/Taviliy_HTML_PDF 3/rerun_1000_20260321_111440/run_501_1000/stage2_downloads/Georgia_offered_$641M_in_incentives_to_woo_SK-Hyundai_EV_battery_plant.html,/home/sm11926/Downloads/Tavily_ev automation/Taviliy_HTML_PDF 3/rerun_1000_20260321_111440/run_501_1000/stage2_downloads/Georgia_offered_$641M_in_incentives_to_woo_SK-Hyundai_EV_battery_plant.html,/home/sm11926/Downloads/Tavily_ev automation/Taviliy_HTML_PDF 3/tavily_review_ready_documents_rerun_1000/run_501_1000/Georgia_offered_$641M_in_incentives_to_woo_SK-Hyundai_EV_battery_plant.html,copied
run_501_1000,334,EV & Mobility Newsroom | Georgia.org,review,,,,missing_source
run_501_1000,154,"Georgia EV Tax Credit, Incentives & Rebates",review,"/home/sm11926/Downloads/Tavily_ev automation/Taviliy_HTML_PDF 3/rerun_1000_20260321_111440/run_501_1000/stage2_downloads/Georgia_EV_Tax_Credit,_Incentives_&_Rebates.html","/home/sm11926/Downloads/Tavily_ev automation/Taviliy_HTML_PDF 3/rerun_1000_20260321_111440/run_501_1000/stage2_downloads/Georgia_EV_Tax_Credit,_Incentives_&_Rebates.html","/home/sm11926/Downloads/Tavily_ev automation/Taviliy_HTML_PDF 3/tavily_review_ready_documents_rerun_1000/run_501_1000/Georgia_EV_Tax_Credit,_Incentives_&_Rebates.html",copied
run_501_1000,240,Seoyon E-Hwa To Invest $76M In Georgia Manufacturing Facility - Automotive - Business Facilities Magazine,review,,,,missing_source
run_501_1000,239,Hyundai and SK On plan $5B Georgia EV battery plant | Manufacturing Dive,review,,,,missing_source
run_501_1000,1,Hyundai Supplier PHA Will Bring 400+ Jobs To Georgia - Automotive - Business Facilities Magazine,review,,,,missing_source
run_501_1000,468,FREYR plans the Giga America lithium-ion battery manufacturing facility in Georgia – pv magazine USA,review,/home/sm11926/Downloads/Tavily_ev automation/Taviliy_HTML_PDF 3/rerun_1000_20260321_111440/run_501_1000/stage2_downloads/FREYR_plans_the_Giga_America_lithium-ion_battery_manufacturing_facility_in_Georgia_–_pv_magazine_USA.html,/home/sm11926/Downloads/Tavily_ev automation/Taviliy_HTML_PDF 3/rerun_1000_20260321_111440/run_501_1000/stage2_downloads/FREYR_plans_the_Giga_America_lithium-ion_battery_manufacturing_facility_in_Georgia_–_pv_magazine_USA.html,/home/sm11926/Downloads/Tavily_ev automation/Taviliy_HTML_PDF 3/tavily_review_ready_documents_rerun_1000/run_501_1000/FREYR_plans_the_Giga_America_lithium-ion_battery_manufacturing_facility_in_Georgia_–_pv_magazine_USA.html,copied
run_501_1000,224,"[PDF] Together, we add - Light - Georgia Transmission",review,,,,missing_source
run_501_1000,239,"Hyundai, SK On plan $5B Georgia EV battery plant | Utility Dive",review,,,,missing_source
run_501_1000,466,User | sweetwaterreporter.com - FREYR Battery ($FREY) Releases Plans to Build Clean Battery Gigafactory in Georgia,review,/home/sm11926/Downloads/Tavily_ev automation/Taviliy_HTML_PDF 3/rerun_1000_20260321_111440/run_501_1000/stage2_downloads/thenewswire-2022-11-11-freyr-battery-frey-releases-plans-to-build-clean-battery-gigafactory-in-georgia.html,/home/sm11926/Downloads/Tavily_ev automation/Taviliy_HTML_PDF 3/rerun_1000_20260321_111440/run_501_1000/stage2_downloads/thenewswire-2022-11-11-freyr-battery-frey-releases-plans-to-build-clean-battery-gigafactory-in-georgia.html,/home/sm11926/Downloads/Tavily_ev automation/Taviliy_HTML_PDF 3/tavily_review_ready_documents_rerun_1000/run_501_1000/thenewswire-2022-11-11-freyr-battery-frey-releases-plans-to-build-clean-battery-gigafactory-in-georgia.html,copied
run_501_1000,447,Greenfield Facility in Southeast U.S. for Global Auto Supplier - SSOE Group,review,/home/sm11926/Downloads/Tavily_ev automation/Taviliy_HTML_PDF 3/rerun_1000_20260321_111440/run_501_1000/stage2_downloads/Greenfield_Facility_in_Southeast_U.S.html,/home/sm11926/Downloads/Tavily_ev automation/Taviliy_HTML_PDF 3/rerun_1000_20260321_111440/run_501_1000/stage2_downloads/Greenfield_Facility_in_Southeast_U.S.html,/home/sm11926/Downloads/Tavily_ev automation/Taviliy_HTML_PDF 3/tavily_review_ready_documents_rerun_1000/run_501_1000/Greenfield_Facility_in_Southeast_U.S.html,copied
run_501_1000,43,Longtime Kia and HMG Supplier to Build Manufacturing Facility in Bulloch County – Savannah Harbor-Interstate 16 Corridor Joint Development Authority,review,/home/sm11926/Downloads/Tavily_ev automation/Taviliy_HTML_PDF 3/rerun_1000_20260321_111440/run_501_1000/stage2_downloads/Longtime_Kia_and_HMG_Supplier_to_Build_Manufacturing_Facility_in_Bulloch_County_–_Savannah_Harbor-Interstate_16_Corridor_Joint_Development_Authority.html,/home/sm11926/Downloads/Tavily_ev automation/Taviliy_HTML_PDF 3/rerun_1000_20260321_111440/run_501_1000/stage2_downloads/Longtime_Kia_and_HMG_Supplier_to_Build_Manufacturing_Facility_in_Bulloch_County_–_Savannah_Harbor-Interstate_16_Corridor_Joint_Development_Authority.html,/home/sm11926/Downloads/Tavily_ev automation/Taviliy_HTML_PDF 3/tavily_review_ready_documents_rerun_1000/run_501_1000/Longtime_Kia_and_HMG_Supplier_to_Build_Manufacturing_Facility_in_Bulloch_County_–_Savannah_Harbor-Interstate_16_Corridor_Joint_Development_Authority.html,copied
run_501_1000,240,Seoyon E-Hwa To Invest $76M In Georgia Manufacturing Facility - Automotive - Business Facilities Magazine,review,,,,missing_source
run_501_1000,308,New manufacturing facility breaks ground in Bainbridge,review,,,,missing_source
run_501_1000,43,Hyundai’s Georgia EV supplier network adds 3 more manufacturers | Supply Chain Dive,review,,,,missing_source
run_501_1000,5,EV Parts Supplier NVH Korea To Establish Georgia Facility,review,,,,missing_source
run_501_1000,240,Daechang Seat latest supplier to localise production with Hyundai in Georgia | Automotive Logistics,review,/home/sm11926/Downloads/Tavily_ev automation/Taviliy_HTML_PDF 3/rerun_1000_20260321_111440/run_501_1000/stage2_downloads/215849.html,/home/sm11926/Downloads/Tavily_ev automation/Taviliy_HTML_PDF 3/rerun_1000_20260321_111440/run_501_1000/stage2_downloads/215849.html,/home/sm11926/Downloads/Tavily_ev automation/Taviliy_HTML_PDF 3/tavily_review_ready_documents_rerun_1000/run_501_1000/215849.html,copied
run_501_1000,468,Georgia Ports to Increase Rail Cargo Efficiency with New Connector - Supply Chain 24/7,review,,,,missing_source
run_501_1000,406,[PDF] Monthly Newsletter The Cleantech Industry - Intro-act,review,/home/sm11926/Downloads/Tavily_ev automation/Taviliy_HTML_PDF 3/rerun_1000_20260321_111440/run_501_1000/stage2_downloads/202505210812511966259339.pdf,/home/sm11926/Downloads/Tavily_ev automation/Taviliy_HTML_PDF 3/rerun_1000_20260321_111440/run_501_1000/stage2_downloads/202505210812511966259339.pdf,/home/sm11926/Downloads/Tavily_ev automation/Taviliy_HTML_PDF 3/tavily_review_ready_documents_rerun_1000/run_501_1000/202505210812511966259339.pdf,copied
run_501_1000,468,Georgia Lands New Gigantic $2.6B Electric Battery Plant,review,/home/sm11926/Downloads/Tavily_ev automation/Taviliy_HTML_PDF 3/rerun_1000_20260321_111440/run_501_1000/stage2_downloads/georgia-lands-new-gigantic-2-6b-electric-battery-plant.html,/home/sm11926/Downloads/Tavily_ev automation/Taviliy_HTML_PDF 3/rerun_1000_20260321_111440/run_501_1000/stage2_downloads/georgia-lands-new-gigantic-2-6b-electric-battery-plant.html,/home/sm11926/Downloads/Tavily_ev automation/Taviliy_HTML_PDF 3/tavily_review_ready_documents_rerun_1000/run_501_1000/georgia-lands-new-gigantic-2-6b-electric-battery-plant.html,copied
run_501_1000,468,Georgia Ports welcomes new MEDLOG flagship cold chain facility to Savannah - Georgia Ports Authority,review,/home/sm11926/Downloads/Tavily_ev automation/Taviliy_HTML_PDF 3/rerun_1000_20260321_111440/run_501_1000/stage2_downloads/Georgia_Ports_welcomes_new_MEDLOG_flagship_cold_chain_facility_to_Savannah_-_Georgia_Ports_Authority.html,/home/sm11926/Downloads/Tavily_ev automation/Taviliy_HTML_PDF 3/rerun_1000_20260321_111440/run_501_1000/stage2_downloads/Georgia_Ports_welcomes_new_MEDLOG_flagship_cold_chain_facility_to_Savannah_-_Georgia_Ports_Authority.html,/home/sm11926/Downloads/Tavily_ev automation/Taviliy_HTML_PDF 3/tavily_review_ready_documents_rerun_1000/run_501_1000/Georgia_Ports_welcomes_new_MEDLOG_flagship_cold_chain_facility_to_Savannah_-_Georgia_Ports_Authority.html,copied
run_501_1000,323,Anovion Technologies Announces Plans for New Manufacturing Facility in Georgia,review,/home/sm11926/Downloads/Tavily_ev automation/Taviliy_HTML_PDF 3/rerun_1000_20260321_111440/run_501_1000/stage2_downloads/Anovion_Technologies_Announces_Plans_for_New_Manufacturing_Facility_in_Georgia.html,/home/sm11926/Downloads/Tavily_ev automation/Taviliy_HTML_PDF 3/rerun_1000_20260321_111440/run_501_1000/stage2_downloads/Anovion_Technologies_Announces_Plans_for_New_Manufacturing_Facility_in_Georgia.html,/home/sm11926/Downloads/Tavily_ev automation/Taviliy_HTML_PDF 3/tavily_review_ready_documents_rerun_1000/run_501_1000/Anovion_Technologies_Announces_Plans_for_New_Manufacturing_Facility_in_Georgia.html,copied
run_501_1000,323,Anovion Technologies Announces Plans for New Manufacturing Facility in Georgia,review,/home/sm11926/Downloads/Tavily_ev automation/Taviliy_HTML_PDF 3/rerun_1000_20260321_111440/run_501_1000/stage2_downloads/Anovion_Technologies_Announces_Plans_for_New_Manufacturing_Facility_in_Georgia_2.html,/home/sm11926/Downloads/Tavily_ev automation/Taviliy_HTML_PDF 3/rerun_1000_20260321_111440/run_501_1000/stage2_downloads/Anovion_Technologies_Announces_Plans_for_New_Manufacturing_Facility_in_Georgia_2.html,/home/sm11926/Downloads/Tavily_ev automation/Taviliy_HTML_PDF 3/tavily_review_ready_documents_rerun_1000/run_501_1000/Anovion_Technologies_Announces_Plans_for_New_Manufacturing_Facility_in_Georgia_2.html,copied
run_501_1000,200,Expanding Logistics: Georgia's Infrastrucure & Supply Chain - Georgia Trend Magazine,review,/home/sm11926/Downloads/Tavily_ev automation/Taviliy_HTML_PDF 3/rerun_1000_20260321_111440/run_501_1000/stage2_downloads/Expanding_Logistics_Georgia's_Infrastrucure_&_Supply_Chain_-_Georgia_Trend_Magazine.html,/home/sm11926/Downloads/Tavily_ev automation/Taviliy_HTML_PDF 3/rerun_1000_20260321_111440/run_501_1000/stage2_downloads/Expanding_Logistics_Georgia's_Infrastrucure_&_Supply_Chain_-_Georgia_Trend_Magazine.html,/home/sm11926/Downloads/Tavily_ev automation/Taviliy_HTML_PDF 3/tavily_review_ready_documents_rerun_1000/run_501_1000/Expanding_Logistics_Georgia's_Infrastrucure_&_Supply_Chain_-_Georgia_Trend_Magazine.html,copied
run_501_1000,484,FREYR Battery Announces Plans for U.S. Gigafactory in Georgia,review,/home/sm11926/Downloads/Tavily_ev automation/Taviliy_HTML_PDF 3/rerun_1000_20260321_111440/run_501_1000/stage2_downloads/freyr-battery-announces-plans-for-u-s-20221111.html,/home/sm11926/Downloads/Tavily_ev automation/Taviliy_HTML_PDF 3/rerun_1000_20260321_111440/run_501_1000/stage2_downloads/freyr-battery-announces-plans-for-u-s-20221111.html,/home/sm11926/Downloads/Tavily_ev automation/Taviliy_HTML_PDF 3/tavily_review_ready_documents_rerun_1000/run_501_1000/freyr-battery-announces-plans-for-u-s-20221111.html,copied
run_501_1000,477,[PDF] The Energy Storage Report 2026 - SolarBaba,review,,,,missing_source
run_501_1000,484,The POWER Interview: FREYR Leads Wave of New Battery Manufacturing,review,/home/sm11926/Downloads/Tavily_ev automation/Taviliy_HTML_PDF 3/rerun_1000_20260321_111440/run_501_1000/stage2_downloads/The_POWER_Interview_FREYR_Leads_Wave_of_New_Battery_Manufacturing.html,/home/sm11926/Downloads/Tavily_ev automation/Taviliy_HTML_PDF 3/rerun_1000_20260321_111440/run_501_1000/stage2_downloads/The_POWER_Interview_FREYR_Leads_Wave_of_New_Battery_Manufacturing.html,/home/sm11926/Downloads/Tavily_ev automation/Taviliy_HTML_PDF 3/tavily_review_ready_documents_rerun_1000/run_501_1000/The_POWER_Interview_FREYR_Leads_Wave_of_New_Battery_Manufacturing.html,copied
run_501_1000,228,Georgia: Logistics Focal Point - Inbound Logistics,review,/home/sm11926/Downloads/Tavily_ev automation/Taviliy_HTML_PDF 3/rerun_1000_20260321_111440/run_501_1000/stage2_downloads/Georgia_Logistics_Focal_Point_-_Inbound_Logistics.html,/home/sm11926/Downloads/Tavily_ev automation/Taviliy_HTML_PDF 3/rerun_1000_20260321_111440/run_501_1000/stage2_downloads/Georgia_Logistics_Focal_Point_-_Inbound_Logistics.html,/home/sm11926/Downloads/Tavily_ev automation/Taviliy_HTML_PDF 3/tavily_review_ready_documents_rerun_1000/run_501_1000/Georgia_Logistics_Focal_Point_-_Inbound_Logistics.html,copied
run_501_1000,278,[PDF] tuc&,review,/home/sm11926/Downloads/Tavily_ev automation/Taviliy_HTML_PDF 3/rerun_1000_20260321_111440/run_501_1000/stage2_downloads/me-mar2022.pdf,/home/sm11926/Downloads/Tavily_ev automation/Taviliy_HTML_PDF 3/rerun_1000_20260321_111440/run_501_1000/stage2_downloads/me-mar2022.pdf,/home/sm11926/Downloads/Tavily_ev automation/Taviliy_HTML_PDF 3/tavily_review_ready_documents_rerun_1000/run_501_1000/me-mar2022.pdf,copied
run_501_1000,468,Georgia Ports welcomes new MEDLOG flagship cold chain facility to Savannah - Grice Connect,review,/home/sm11926/Downloads/Tavily_ev automation/Taviliy_HTML_PDF 3/rerun_1000_20260321_111440/run_501_1000/stage2_downloads/georgia-ports-welcomes-new-medlog-flagship-cold-chain-facility-to-savannah-11206964.html,/home/sm11926/Downloads/Tavily_ev automation/Taviliy_HTML_PDF 3/rerun_1000_20260321_111440/run_501_1000/stage2_downloads/georgia-ports-welcomes-new-medlog-flagship-cold-chain-facility-to-savannah-11206964.html,/home/sm11926/Downloads/Tavily_ev automation/Taviliy_HTML_PDF 3/tavily_review_ready_documents_rerun_1000/run_501_1000/georgia-ports-welcomes-new-medlog-flagship-cold-chain-facility-to-savannah-11206964.html,copied
run_501_1000,428,"Vertical Cold Storage Acquires Savannah Facility, Rounding Out Southeast US Network - Vertical Cold Storage",review,,,,missing_source
run_501_1000,448,Georgia Sees $36.8 Billion in Current Industrial Project Construction,review,/home/sm11926/Downloads/Tavily_ev automation/Taviliy_HTML_PDF 3/rerun_1000_20260321_111440/run_501_1000/stage2_downloads/georgia-sees-368-billion-in-current-industrial-project-construction--330818.html,/home/sm11926/Downloads/Tavily_ev automation/Taviliy_HTML_PDF 3/rerun_1000_20260321_111440/run_501_1000/stage2_downloads/georgia-sees-368-billion-in-current-industrial-project-construction--330818.html,/home/sm11926/Downloads/Tavily_ev automation/Taviliy_HTML_PDF 3/tavily_review_ready_documents_rerun_1000/run_501_1000/georgia-sees-368-billion-in-current-industrial-project-construction--330818.html,copied
run_501_1000,447,Third Hyundai supplier sets up factory near upcoming EV plant | Manufacturing Dive,review,,,,missing_source
run_501_1000,382,"Enchem to Build Two Facilities in Jackson County, Create 300 Jobs - Location Georgia",review,"/home/sm11926/Downloads/Tavily_ev automation/Taviliy_HTML_PDF 3/rerun_1000_20260321_111440/run_501_1000/stage2_downloads/Enchem_to_Build_Two_Facilities_in_Jackson_County,_Create_300_Jobs_-_Location_Georgia.html","/home/sm11926/Downloads/Tavily_ev automation/Taviliy_HTML_PDF 3/rerun_1000_20260321_111440/run_501_1000/stage2_downloads/Enchem_to_Build_Two_Facilities_in_Jackson_County,_Create_300_Jobs_-_Location_Georgia.html","/home/sm11926/Downloads/Tavily_ev automation/Taviliy_HTML_PDF 3/tavily_review_ready_documents_rerun_1000/run_501_1000/Enchem_to_Build_Two_Facilities_in_Jackson_County,_Create_300_Jobs_-_Location_Georgia.html",copied
run_501_1000,66,"Hyundai, LG to Put $2B More Into Georgia Battery Joint Venture - Global Atlanta",review,,,,missing_source
run_501_1000,34,Hyundai supplier plans second Georgia manufacturing site | Manufacturing Dive,review,,,,missing_source
run_501_1000,76,Georgia Lands North America’s Largest Lithium-ion Battery Recycling Plant - Advanced Manufacturing - Business Facilities Magazine,review,,,,missing_source
run_501_1000,468,Georgia Ports Authority Welcomes MEDLOG’s Flagship Cold Chain Facility - Expansion Solutions,review,/home/sm11926/Downloads/Tavily_ev automation/Taviliy_HTML_PDF 3/rerun_1000_20260321_111440/run_501_1000/stage2_downloads/Georgia_Ports_Authority_Welcomes_MEDLOG’s_Flagship_Cold_Chain_Facility_-_Expansion_Solutions.html,/home/sm11926/Downloads/Tavily_ev automation/Taviliy_HTML_PDF 3/rerun_1000_20260321_111440/run_501_1000/stage2_downloads/Georgia_Ports_Authority_Welcomes_MEDLOG’s_Flagship_Cold_Chain_Facility_-_Expansion_Solutions.html,/home/sm11926/Downloads/Tavily_ev automation/Taviliy_HTML_PDF 3/tavily_review_ready_documents_rerun_1000/run_501_1000/Georgia_Ports_Authority_Welcomes_MEDLOG’s_Flagship_Cold_Chain_Facility_-_Expansion_Solutions.html,copied
run_501_1000,239,Hyundai supplier to build factory near automaker’s Georgia EV campus | Manufacturing Dive,review,,,,missing_source
run_501_1000,290,Hyundai’s Georgia EV supplier network adds 3 more manufacturers | WardsAuto,review,,,,missing_source
run_501_1000,290,Hyundai’s Georgia EV supplier network adds 3 more manufacturers | Manufacturing Dive,review,,,,missing_source
run_501_1000,130,Savannah Warehousing & Distribution Solutions | Port-Proximate Storage,review,,,,missing_source
run_501_1000,43,Hyundai’s Georgia EV supplier network adds 3 more manufacturers | Manufacturing Dive,review,,,,missing_source
